001-013 Support Identification Code (SIC),014-017 Vehicle Identification Code (VIC),018-026 Numerical day of year,027-030 Data format identification code,031-051 GMT in total tenths of seconds,052-060 Radar site id number (BCD),061-088 E position in meters (scaled),089-090 Position scale code,091-118 F position in meters (scaled),119-120 Velocity scale code,121-148 G position in meters (scaled),149-149 Optical track (TRUE/FALSE),150-150 Using plus time flag (TRUE/FALSE),151-165 F velocity in meters/sec (scaled),166-180 E velocity in meters/sec (scaled),181-181 Liftoff has occurred (TRUE/FALSE),182-182 Plunge mode flag (TRUE/FALSE),183-184 Pulse width,185-185 Refraction correction already (IN),186-186 Droop flag (IN/OUT),187-187 Paramp flag (ON/OFF),188-188 Radiation flag (ON/OFF),189-189 Dual local oscillators vs single,190-190 Beacon (TRUE) vs skin (FALSE) flag,191-191 Track flag (ON/OFF),192-192 Quality of data (GOOD/BAD),193-195 Source mode bits,196-210 G velocity in meters/sec (scaled),211-217 Checksum,218-224 Spare bits,225-240 Sync Bits
1,1,50,0,20666.4,144,-2284479,0,-1459853,0,6066105,0,0,97,183,0,0,0,0,0,0,0,0,0,1,1,1,1030,77,0,XX
1,1,50,0,20666.5,144,-2284461,0,-1459843,0,6066208,0,0,97,184,0,0,0,0,0,0,0,0,0,1,1,1,1029,83,0,X 
1,1,50,0,20666.6,144,-2284442,0,-1459833,0,6066311,0,0,97,184,0,0,0,0,0,0,0,0,0,1,1,1,1028,89,0,XX
1,1,50,0,20666.7,144,-2284424,0,-1459824,0,6066414,0,0,98,184,0,0,0,0,0,0,0,0,0,1,1,1,1027,94,0,X 
1,1,50,0,20666.8,144,-2284405,0,-1459814,0,6066517,0,0,98,185,0,0,0,0,0,0,0,0,0,1,1,1,1027,102,0,XX
1,1,50,0,20666.9,144,-2284387,0,-1459804,0,6066620,0,0,98,185,0,0,0,0,0,0,0,0,0,1,1,1,1026,107,0,X 
1,1,50,0,20667.0,144,-2284368,0,-1459794,0,6066722,0,0,98,185,0,0,0,0,0,0,0,0,0,1,1,1,1025,118,0,XX
1,1,50,0,20667.1,144,-2284350,0,-1459784,0,6066825,0,0,98,186,0,0,0,0,0,0,0,0,0,1,1,1,1024,124,0,X 
1,1,50,0,20667.2,144,-2284331,0,-1459774,0,6066927,0,0,99,186,0,0,0,0,0,0,0,0,0,1,1,1,1023,67,0,XX
1,1,50,0,20667.3,144,-2284312,0,-1459764,0,6067030,0,0,99,186,0,0,0,0,0,0,0,0,0,1,1,1,1022,73,0,X 
1,1,50,0,20667.4,144,-2284294,0,-1459754,0,6067132,0,0,99,186,0,0,0,0,0,0,0,0,0,1,1,1,1022,78,0,XX
1,1,50,0,20667.5,144,-2284275,0,-1459744,0,6067234,0,0,99,187,0,0,0,0,0,0,0,0,0,1,1,1,1021,84,0,X 
1,1,50,0,20667.6,144,-2284256,0,-1459734,0,6067336,0,0,99,187,0,0,0,0,0,0,0,0,0,1,1,1,1020,89,0,XX
1,1,50,0,20667.7,144,-2284237,0,-1459724,0,6067438,0,0,100,187,0,0,0,0,0,0,0,0,0,1,1,1,1019,95,0,X 
1,1,50,0,20667.8,144,-2284219,0,-1459714,0,6067540,0,0,100,188,0,0,0,0,0,0,0,0,0,1,1,1,1018,37,0,XX
1,1,50,0,20667.9,144,-2284200,0,-1459704,0,6067642,0,0,100,188,0,0,0,0,0,0,0,0,0,1,1,1,1018,43,0,X 
1,1,50,0,20668.0,144,-2284181,0,-1459694,0,6067744,0,0,100,188,0,0,0,0,0,0,0,0,0,1,1,1,1017,54,0,XX
1,1,50,0,20668.1,144,-2284162,0,-1459684,0,6067845,0,0,100,189,0,0,0,0,0,0,0,0,0,1,1,1,1016,59,0,X 
1,1,50,0,20668.2,144,-2284143,0,-1459674,0,6067947,0,0,101,189,0,0,0,0,0,0,0,0,0,1,1,1,1015,65,0,XX
1,1,50,0,20668.3,144,-2284124,0,-1459664,0,6068048,0,0,101,189,0,0,0,0,0,0,0,0,0,1,1,1,1014,69,0,X 
1,1,50,0,20668.4,144,-2284105,0,-1459654,0,6068150,0,0,101,190,0,0,0,0,0,0,0,0,0,1,1,1,1013,75,0,XX
1,1,50,0,20668.5,144,-2284086,0,-1459644,0,6068251,0,0,101,190,0,0,0,0,0,0,0,0,0,1,1,1,1013,80,0,X 
1,1,50,0,20668.6,144,-2284067,0,-1459634,0,6068353,0,0,101,190,0,0,0,0,0,0,0,0,0,1,1,1,1012,85,0,XX
1,1,50,0,20668.7,144,-2284048,0,-1459623,0,6068454,0,0,102,191,0,0,0,0,0,0,0,0,0,1,1,1,1011,92,0,X 
1,1,50,0,20668.8,144,-2284029,0,-1459613,0,6068555,0,0,102,191,0,0,0,0,0,0,0,0,0,1,1,1,1010,96,0,XX
1,1,50,0,20668.9,144,-2284010,0,-1459603,0,6068656,0,0,102,191,0,0,0,0,0,0,0,0,0,1,1,1,1009,100,0,X 
1,1,50,0,20669.0,144,-2283990,0,-1459593,0,6068757,0,0,102,191,0,0,0,0,0,0,0,0,0,1,1,1,1009,112,0,XX
1,1,50,0,20669.1,144,-2283971,0,-1459582,0,6068858,0,0,102,192,0,0,0,0,0,0,0,0,0,1,1,1,1008,118,0,X 
1,1,50,0,20669.2,144,-2283952,0,-1459572,0,6068958,0,0,102,192,0,0,0,0,0,0,0,0,0,1,1,1,1007,121,0,XX
1,1,50,0,20669.3,144,-2283933,0,-1459562,0,6069059,0,0,103,192,0,0,0,0,0,0,0,0,0,1,1,1,1006,126,0,X 
1,1,50,0,20669.4,144,-2283913,0,-1459551,0,6069160,0,0,103,193,0,0,0,0,0,0,0,0,0,1,1,1,1005,70,0,XX
1,1,50,0,20669.5,144,-2283894,0,-1459541,0,6069260,0,0,103,193,0,0,0,0,0,0,0,0,0,1,1,1,1004,73,0,X 
1,1,50,0,20669.6,144,-2283875,0,-1459531,0,6069361,0,0,103,193,0,0,0,0,0,0,0,0,0,1,1,1,1004,78,0,XX
1,1,50,0,20669.7,144,-2283855,0,-1459520,0,6069461,0,0,103,194,0,0,0,0,0,0,0,0,0,1,1,1,1003,84,0,X 
1,1,50,0,20669.8,144,-2283836,0,-1459510,0,6069561,0,0,104,194,0,0,0,0,0,0,0,0,0,1,1,1,1002,88,0,XX
1,1,50,0,20669.9,144,-2283816,0,-1459500,0,6069662,0,0,104,194,0,0,0,0,0,0,0,0,0,1,1,1,1001,93,0,X 
1,1,50,0,20670.0,144,-2283797,0,-1459489,0,6069762,0,0,104,195,0,0,0,0,0,0,0,0,0,1,1,1,1000,104,0,XX
1,1,50,0,20670.1,144,-2283777,0,-1459479,0,6069862,0,0,104,195,0,0,0,0,0,0,0,0,0,1,1,1,1000,109,0,X 
1,1,50,0,20670.2,144,-2283758,0,-1459468,0,6069962,0,0,104,195,0,0,0,0,0,0,0,0,0,1,1,1,999,113,0,XX
1,1,50,0,20670.3,144,-2283738,0,-1459458,0,6070062,0,0,105,195,0,0,0,0,0,0,0,0,0,1,1,1,998,55,0,X 
1,1,50,0,20670.4,144,-2283719,0,-1459447,0,6070161,0,0,105,196,0,0,0,0,0,0,0,0,0,1,1,1,997,59,0,XX
1,1,50,0,20670.5,144,-2283699,0,-1459437,0,6070261,0,0,105,196,0,0,0,0,0,0,0,0,0,1,1,1,996,63,0,X 
1,1,50,0,20670.6,144,-2283679,0,-1459426,0,6070361,0,0,105,196,0,0,0,0,0,0,0,0,0,1,1,1,995,68,0,XX
1,1,50,0,20670.7,144,-2283660,0,-1459415,0,6070460,0,0,105,197,0,0,0,0,0,0,0,0,0,1,1,1,995,73,0,X 
1,1,50,0,20670.8,144,-2283640,0,-1459405,0,6070560,0,0,106,197,0,0,0,0,0,0,0,0,0,1,1,1,994,78,0,XX
1,1,50,0,20670.9,144,-2283620,0,-1459394,0,6070659,0,0,106,197,0,0,0,0,0,0,0,0,0,1,1,1,993,82,0,X 
1,1,50,0,20671.0,144,-2283600,0,-1459384,0,6070758,0,0,106,198,0,0,0,0,0,0,0,0,0,1,1,1,992,92,0,XX
1,1,50,0,20671.1,144,-2283580,0,-1459373,0,6070858,0,0,106,198,0,0,0,0,0,0,0,0,0,1,1,1,991,97,0,X 
1,1,50,0,20671.2,144,-2283561,0,-1459362,0,6070957,0,0,106,198,0,0,0,0,0,0,0,0,0,1,1,1,990,100,0,XX
1,1,50,0,20671.3,144,-2283541,0,-1459352,0,6071056,0,0,107,199,0,0,0,0,0,0,0,0,0,1,1,1,990,106,0,X 
1,1,50,0,20671.4,144,-2283521,0,-1459341,0,6071155,0,0,107,199,0,0,0,0,0,0,0,0,0,1,1,1,989,47,0,XX
1,1,50,0,20671.5,144,-2283501,0,-1459330,0,6071254,0,0,107,199,0,0,0,0,0,0,0,0,0,1,1,1,988,51,0,X 
1,1,50,0,20671.6,144,-2283481,0,-1459319,0,6071353,0,0,107,200,0,0,0,0,0,0,0,0,0,1,1,1,987,56,0,XX
1,1,50,0,20671.7,144,-2283461,0,-1459309,0,6071451,0,0,107,200,0,0,0,0,0,0,0,0,0,1,1,1,986,58,0,X 
1,1,50,0,20671.8,144,-2283441,0,-1459298,0,6071550,0,0,108,200,0,0,0,0,0,0,0,0,0,1,1,1,986,64,0,XX
1,1,50,0,20671.9,144,-2283421,0,-1459287,0,6071649,0,0,108,200,0,0,0,0,0,0,0,0,0,1,1,1,985,68,0,X 
1,1,50,0,20672.0,144,-2283401,0,-1459276,0,6071747,0,0,108,201,0,0,0,0,0,0,0,0,0,1,1,1,984,78,0,XX
1,1,50,0,20672.1,144,-2283380,0,-1459265,0,6071845,0,0,108,201,0,0,0,0,0,0,0,0,0,1,1,1,983,82,0,X 
1,1,50,0,20672.2,144,-2283360,0,-1459254,0,6071944,0,0,108,201,0,0,0,0,0,0,0,0,0,1,1,1,982,86,0,XX
1,1,50,0,20672.3,144,-2283340,0,-1459243,0,6072042,0,0,108,202,0,0,0,0,0,0,0,0,0,1,1,1,981,90,0,X 
1,1,50,0,20672.4,144,-2283320,0,-1459232,0,6072141,0,0,109,202,0,0,0,0,0,0,0,0,0,1,1,1,981,96,0,XX
1,1,50,0,20672.5,144,-2283300,0,-1459222,0,6072239,0,0,109,202,0,0,0,0,0,0,0,0,0,1,1,1,980,98,0,X 
1,1,50,0,20672.6,144,-2283280,0,-1459211,0,6072337,0,0,109,203,0,0,0,0,0,0,0,0,0,1,1,1,979,102,0,XX
1,1,50,0,20672.7,144,-2283259,0,-1459200,0,6072435,0,0,109,203,0,0,0,0,0,0,0,0,0,1,1,1,978,106,0,X 
1,1,50,0,20672.8,144,-2283239,0,-1459189,0,6072532,0,0,109,203,0,0,0,0,0,0,0,0,0,1,1,1,977,108,0,XX
1,1,50,0,20672.9,144,-2283219,0,-1459178,0,6072630,0,0,110,204,0,0,0,0,0,0,0,0,0,1,1,1,977,114,0,X 
1,1,50,0,20673.0,144,-2283198,0,-1459167,0,6072728,0,0,110,204,0,0,0,0,0,0,0,0,0,1,1,1,976,124,0,XX
1,1,50,0,20673.1,144,-2283178,0,-1459156,0,6072825,0,0,110,204,0,0,0,0,0,0,0,0,0,1,1,1,975,126,0,X 
1,1,50,0,20673.2,144,-2283157,0,-1459144,0,6072923,0,0,110,204,0,0,0,0,0,0,0,0,0,1,1,1,974,3,0,XX
1,1,50,0,20673.3,144,-2283137,0,-1459133,0,6073020,0,0,110,205,0,0,0,0,0,0,0,0,0,1,1,1,973,6,0,X 
1,1,50,0,20673.4,144,-2283116,0,-1459122,0,6073118,0,0,111,205,0,0,0,0,0,0,0,0,0,1,1,1,972,76,0,XX
1,1,50,0,20673.5,144,-2283096,0,-1459111,0,6073215,0,0,111,205,0,0,0,0,0,0,0,0,0,1,1,1,972,79,0,X 
1,1,50,0,20673.6,144,-2283075,0,-1459100,0,6073312,0,0,111,206,0,0,0,0,0,0,0,0,0,1,1,1,971,83,0,XX
1,1,50,0,20673.7,144,-2283054,0,-1459089,0,6073409,0,0,111,206,0,0,0,0,0,0,0,0,0,1,1,1,970,86,0,X 
1,1,50,0,20673.8,144,-2283034,0,-1459078,0,6073506,0,0,111,206,0,0,0,0,0,0,0,0,0,1,1,1,969,88,0,XX
1,1,50,0,20673.9,144,-2283013,0,-1459066,0,6073603,0,0,112,207,0,0,0,0,0,0,0,0,0,1,1,1,968,94,0,X 
1,1,50,0,20674.0,144,-2282992,0,-1459055,0,6073700,0,0,112,207,0,0,0,0,0,0,0,0,0,1,1,1,967,40,0,XX
1,1,50,0,20674.1,144,-2282972,0,-1459044,0,6073797,0,0,112,207,0,0,0,0,0,0,0,0,0,1,1,1,967,43,0,X 
1,1,50,0,20674.2,144,-2282951,0,-1459033,0,6073893,0,0,112,208,0,0,0,0,0,0,0,0,0,1,1,1,966,46,0,XX
1,1,50,0,20674.3,144,-2282930,0,-1459022,0,6073990,0,0,112,208,0,0,0,0,0,0,0,0,0,1,1,1,965,49,0,X 
1,1,50,0,20674.4,144,-2282909,0,-1459010,0,6074086,0,0,112,208,0,0,0,0,0,0,0,0,0,1,1,1,964,52,0,XX
1,1,50,0,20674.5,144,-2282888,0,-1458999,0,6074183,0,0,113,208,0,0,0,0,0,0,0,0,0,1,1,1,963,56,0,X 
1,1,50,0,20674.6,144,-2282867,0,-1458988,0,6074279,0,0,113,209,0,0,0,0,0,0,0,0,0,1,1,1,962,59,0,XX
1,1,50,0,20674.7,144,-2282846,0,-1458976,0,6074375,0,0,113,209,0,0,0,0,0,0,0,0,0,1,1,1,962,63,0,X 
1,1,50,0,20674.8,144,-2282825,0,-1458965,0,6074472,0,0,113,209,0,0,0,0,0,0,0,0,0,1,1,1,961,66,0,XX
1,1,50,0,20674.9,144,-2282804,0,-1458953,0,6074568,0,0,114,210,0,0,0,0,0,0,0,0,0,1,1,1,960,71,0,X 
1,1,50,0,20675.0,144,-2282783,0,-1458942,0,6074664,0,0,114,210,0,0,0,0,0,0,0,0,0,1,1,1,959,79,0,XX
1,1,50,0,20675.1,144,-2282762,0,-1458931,0,6074760,0,0,114,210,0,0,0,0,0,0,0,0,0,1,1,1,958,81,0,X 
1,1,50,0,20675.2,144,-2282741,0,-1458919,0,6074856,0,0,114,211,0,0,0,0,0,0,0,0,0,1,1,1,958,86,0,XX
1,1,50,0,20675.3,144,-2282720,0,-1458908,0,6074951,0,0,114,211,0,0,0,0,0,0,0,0,0,1,1,1,957,87,0,X 
1,1,50,0,20675.4,144,-2282699,0,-1458896,0,6075047,0,0,114,211,0,0,0,0,0,0,0,0,0,1,1,1,956,90,0,XX
1,1,50,0,20675.5,144,-2282678,0,-1458885,0,6075143,0,0,115,212,0,0,0,0,0,0,0,0,0,1,1,1,955,94,0,X 
1,1,50,0,20675.6,144,-2282657,0,-1458873,0,6075238,0,0,115,212,0,0,0,0,0,0,0,0,0,1,1,1,954,96,0,XX
1,1,50,0,20675.7,144,-2282635,0,-1458862,0,6075334,0,0,115,212,0,0,0,0,0,0,0,0,0,1,1,1,953,99,0,X 
1,1,50,0,20675.8,144,-2282614,0,-1458850,0,6075429,0,0,115,212,0,0,0,0,0,0,0,0,0,1,1,1,953,102,0,XX
1,1,50,0,20675.9,144,-2282593,0,-1458838,0,6075524,0,0,115,213,0,0,0,0,0,0,0,0,0,1,1,1,952,105,0,X 
1,1,50,0,20676.0,144,-2282571,0,-1458827,0,6075619,0,0,116,213,0,0,0,0,0,0,0,0,0,1,1,1,951,114,0,XX
1,1,50,0,20676.1,144,-2282550,0,-1458815,0,6075715,0,0,116,213,0,0,0,0,0,0,0,0,0,1,1,1,950,117,0,X 
1,1,50,0,20676.2,144,-2282529,0,-1458804,0,6075810,0,0,116,214,0,0,0,0,0,0,0,0,0,1,1,1,949,119,0,XX
1,1,50,0,20676.3,144,-2282507,0,-1458792,0,6075904,0,0,116,214,0,0,0,0,0,0,0,0,0,1,1,1,949,122,0,X 
1,1,50,0,20676.4,144,-2282486,0,-1458780,0,6075999,0,0,116,214,0,0,0,0,0,0,0,0,0,1,1,1,948,124,0,XX
1,1,50,0,20676.5,144,-2282464,0,-1458769,0,6076094,0,0,117,215,0,0,0,0,0,0,0,0,0,1,1,1,947,0,0,X 
1,1,50,0,20676.4,144,-2282453,0,-1458763,0,6076142,0,0,117,215,0,0,0,0,0,0,0,0,0,1,1,1,947,66,0,XX
1,1,50,0,20676.6,144,-2282421,0,-1458745,0,6076283,0,0,117,215,0,0,0,0,0,0,0,0,0,1,1,1,945,68,0,X 
1,1,50,0,20676.7,144,-2282400,0,-1458733,0,6076378,0,0,117,216,0,0,0,0,0,0,0,0,0,1,1,1,945,72,0,XX
1,1,50,0,20676.8,144,-2282378,0,-1458722,0,6076472,0,0,117,216,0,0,0,0,0,0,0,0,0,1,1,1,944,73,0,X 
1,1,50,0,20676.9,144,-2282356,0,-1458710,0,6076567,0,0,118,216,0,0,0,0,0,0,0,0,0,1,1,1,943,77,0,XX
1,1,50,0,20677.0,144,-2282335,0,-1458698,0,6076661,0,0,118,216,0,0,0,0,0,0,0,0,0,1,1,1,942,84,0,X 
1,1,50,0,20677.1,144,-2282313,0,-1458686,0,6076755,0,0,118,217,0,0,0,0,0,0,0,0,0,1,1,1,941,87,0,XX
1,1,50,0,20677.2,144,-2282291,0,-1458674,0,6076849,0,0,118,217,0,0,0,0,0,0,0,0,0,1,1,1,940,89,0,X 
1,1,50,0,20677.3,144,-2282269,0,-1458662,0,6076944,0,0,118,217,0,0,0,0,0,0,0,0,0,1,1,1,940,93,0,XX
1,1,50,0,20677.4,144,-2282248,0,-1458651,0,6077037,0,0,119,218,0,0,0,0,0,0,0,0,0,1,1,1,939,94,0,X 
1,1,50,0,20677.5,144,-2282226,0,-1458639,0,6077131,0,0,119,218,0,0,0,0,0,0,0,0,0,1,1,1,938,96,0,XX
1,1,50,0,20677.6,144,-2282204,0,-1458627,0,6077225,0,0,119,218,0,0,0,0,0,0,0,0,0,1,1,1,937,98,0,X 
1,1,50,0,20677.7,144,-2282193,0,-1458621,0,6077272,0,0,119,218,0,0,0,0,0,0,0,0,0,1,1,1,937,100,0,XX
1,1,50,0,20677.8,144,-2282160,0,-1458603,0,6077413,0,0,119,219,0,0,0,0,0,0,0,0,0,1,1,1,935,103,0,X 
1,1,50,0,20677.9,144,-2282138,0,-1458591,0,6077506,0,0,119,219,0,0,0,0,0,0,0,0,0,1,1,1,935,105,0,XX
1,1,50,0,20678.0,144,-2282116,0,-1458579,0,6077600,0,0,120,220,0,0,0,0,0,0,0,0,0,1,1,1,934,115,0,X 
1,1,50,0,20678.1,144,-2282105,0,-1458573,0,6077646,0,0,120,220,0,0,0,0,0,0,0,0,0,1,1,1,933,115,0,XX
1,1,50,0,20678.2,144,-2282072,0,-1458555,0,6077786,0,0,120,220,0,0,0,0,0,0,0,0,0,1,1,1,932,117,0,X 
1,1,50,0,20678.3,144,-2282061,0,-1458549,0,6077833,0,0,120,220,0,0,0,0,0,0,0,0,0,1,1,1,932,119,0,XX
1,1,50,0,20678.4,144,-2282028,0,-1458531,0,6077973,0,0,120,221,0,0,0,0,0,0,0,0,0,1,1,1,930,121,0,X 
1,1,50,0,20678.5,144,-2282017,0,-1458524,0,6078019,0,0,121,221,0,0,0,0,0,0,0,0,0,1,1,1,930,124,0,XX
1,1,50,0,20678.6,144,-2281984,0,-1458506,0,6078159,0,0,121,221,0,0,0,0,0,0,0,0,0,1,1,1,929,126,0,X 
1,1,50,0,20678.7,144,-2281972,0,-1458500,0,6078205,0,0,121,222,0,0,0,0,0,0,0,0,0,1,1,1,928,0,0,XX
1,1,50,0,20678.8,144,-2281939,0,-1458482,0,6078344,0,0,121,222,0,0,0,0,0,0,0,0,0,1,1,1,927,1,0,X 
1,1,50,0,20678.9,144,-2281928,0,-1458476,0,6078391,0,0,121,222,0,0,0,0,0,0,0,0,0,1,1,1,927,3,0,XX
1,1,50,0,20679.0,144,-2281906,0,-1458464,0,6078483,0,0,122,222,0,0,0,0,0,0,0,0,0,1,1,1,926,75,0,X 
1,1,50,0,20679.1,144,-2281883,0,-1458452,0,6078576,0,0,122,223,0,0,0,0,0,0,0,0,0,1,1,1,925,78,0,XX
1,1,50,0,20679.2,144,-2281861,0,-1458439,0,6078669,0,0,122,223,0,0,0,0,0,0,0,0,0,1,1,1,924,80,0,X 
1,1,50,0,20679.3,144,-2281839,0,-1458427,0,6078761,0,0,122,223,0,0,0,0,0,0,0,0,0,1,1,1,923,15,0,XX
1,1,50,0,20679.4,144,-2281816,0,-1458415,0,6078853,0,0,122,224,0,0,0,0,0,0,0,0,0,1,1,1,923,83,0,X 
1,1,50,0,20679.5,144,-2281794,0,-1458402,0,6078946,0,0,122,224,0,0,0,0,0,0,0,0,0,1,1,1,922,85,0,XX
1,1,50,0,20679.6,144,-2281771,0,-1458390,0,6079038,0,0,123,224,0,0,0,0,0,0,0,0,0,1,1,1,921,87,0,X 
1,1,50,0,20679.7,144,-2281749,0,-1458378,0,6079130,0,0,123,225,0,0,0,0,0,0,0,0,0,1,1,1,920,88,0,XX
1,1,50,0,20679.8,144,-2281726,0,-1458366,0,6079222,0,0,123,225,0,0,0,0,0,0,0,0,0,1,1,1,919,89,0,X 
1,1,50,0,20679.9,144,-2281704,0,-1458353,0,6079314,0,0,123,225,0,0,0,0,0,0,0,0,0,1,1,1,919,91,0,XX
1,1,50,0,20680.0,144,-2281681,0,-1458341,0,6079406,0,0,123,226,0,0,0,0,0,0,0,0,0,1,1,1,918,36,0,X 
1,1,50,0,20680.1,144,-2281659,0,-1458328,0,6079498,0,0,124,226,0,0,0,0,0,0,0,0,0,1,1,1,917,38,0,XX
1,1,50,0,20680.2,144,-2281636,0,-1458316,0,6079589,0,0,124,226,0,0,0,0,0,0,0,0,0,1,1,1,916,38,0,X 
1,1,50,0,20680.3,144,-2281613,0,-1458304,0,6079681,0,0,124,226,0,0,0,0,0,0,0,0,0,1,1,1,915,39,0,XX
1,1,50,0,20680.4,144,-2281591,0,-1458291,0,6079772,0,0,124,227,0,0,0,0,0,0,0,0,0,1,1,1,914,40,0,X 
1,1,50,0,20680.5,144,-2281568,0,-1458279,0,6079864,0,0,124,227,0,0,0,0,0,0,0,0,0,1,1,1,914,42,0,XX
1,1,50,0,20680.6,144,-2281545,0,-1458266,0,6079955,0,0,125,227,0,0,0,0,0,0,0,0,0,1,1,1,913,44,0,X 
1,1,50,0,20680.7,144,-2281522,0,-1458254,0,6080047,0,0,125,228,0,0,0,0,0,0,0,0,0,1,1,1,912,46,0,XX
1,1,50,0,20680.8,144,-2281499,0,-1458241,0,6080138,0,0,125,228,0,0,0,0,0,0,0,0,0,1,1,1,911,110,0,X 
1,1,50,0,20680.9,144,-2281476,0,-1458228,0,6080229,0,0,125,228,0,0,0,0,0,0,0,0,0,1,1,1,910,111,0,XX
1,1,50,0,20681.0,144,-2281454,0,-1458216,0,6080320,0,0,125,229,0,0,0,0,0,0,0,0,0,1,1,1,910,55,0,X 
1,1,50,0,20681.1,144,-2281431,0,-1458203,0,6080411,0,0,126,229,0,0,0,0,0,0,0,0,0,1,1,1,909,57,0,XX
1,1,50,0,20681.2,144,-2281408,0,-1458191,0,6080502,0,0,126,229,0,0,0,0,0,0,0,0,0,1,1,1,908,57,0,X 
1,1,50,0,20681.3,144,-2281385,0,-1458178,0,6080593,0,0,126,230,0,0,0,0,0,0,0,0,0,1,1,1,907,59,0,XX
1,1,50,0,20681.4,144,-2281362,0,-1458165,0,6080683,0,0,126,230,0,0,0,0,0,0,0,0,0,1,1,1,906,122,0,X 
1,1,50,0,20681.5,144,-2281339,0,-1458153,0,6080774,0,0,126,230,0,0,0,0,0,0,0,0,0,1,1,1,905,122,0,XX
1,1,50,0,20681.6,144,-2281316,0,-1458140,0,6080865,0,0,127,230,0,0,0,0,0,0,0,0,0,1,1,1,905,125,0,X 
1,1,50,0,20681.7,144,-2281292,0,-1458127,0,6080955,0,0,127,231,0,0,0,0,0,0,0,0,0,1,1,1,904,127,0,XX
1,1,50,0,20681.8,144,-2281269,0,-1458115,0,6081045,0,0,127,231,0,0,0,0,0,0,0,0,0,1,1,1,903,126,0,X 
1,1,50,0,20681.9,144,-2281246,0,-1458102,0,6081136,0,0,127,231,0,0,0,0,0,0,0,0,0,1,1,1,902,127,0,XX
1,1,50,0,20682.0,144,-2281223,0,-1458089,0,6081226,0,0,127,232,0,0,0,0,0,0,0,0,0,1,1,1,901,6,0,X 
1,1,50,0,20682.1,144,-2281200,0,-1458076,0,6081316,0,0,127,232,0,0,0,0,0,0,0,0,0,1,1,1,901,7,0,XX
1,1,50,0,20682.2,144,-2281176,0,-1458063,0,6081406,0,0,128,232,0,0,0,0,0,0,0,0,0,1,1,1,900,9,0,X 
1,1,50,0,20682.3,144,-2281153,0,-1458051,0,6081496,0,0,128,233,0,0,0,0,0,0,0,0,0,1,1,1,899,9,0,XX
1,1,50,0,20682.4,144,-2281130,0,-1458038,0,6081586,0,0,128,233,0,0,0,0,0,0,0,0,0,1,1,1,898,9,0,X 
1,1,50,0,20682.5,144,-2281106,0,-1458025,0,6081676,0,0,128,233,0,0,0,0,0,0,0,0,0,1,1,1,897,10,0,XX
1,1,50,0,20682.6,144,-2281083,0,-1458012,0,6081766,0,0,128,234,0,0,0,0,0,0,0,0,0,1,1,1,897,12,0,X 
1,1,50,0,20682.7,144,-2281060,0,-1457999,0,6081855,0,0,129,234,0,0,0,0,0,0,0,0,0,1,1,1,896,12,0,XX
1,1,50,0,20682.8,144,-2281036,0,-1457986,0,6081945,0,0,129,234,0,0,0,0,0,0,0,0,0,1,1,1,895,13,0,X 
1,1,50,0,20682.9,144,-2281013,0,-1457973,0,6082034,0,0,129,234,0,0,0,0,0,0,0,0,0,1,1,1,894,77,0,XX
1,1,50,0,20683.0,144,-2280989,0,-1457960,0,6082124,0,0,129,235,0,0,0,0,0,0,0,0,0,1,1,1,893,85,0,X 
1,1,50,0,20683.1,144,-2280966,0,-1457947,0,6082213,0,0,129,235,0,0,0,0,0,0,0,0,0,1,1,1,892,84,0,XX
1,1,50,0,20683.2,144,-2280942,0,-1457934,0,6082302,0,0,130,235,0,0,0,0,0,0,0,0,0,1,1,1,892,86,0,X 
1,1,50,0,20683.3,144,-2280918,0,-1457921,0,6082392,0,0,130,236,0,0,0,0,0,0,0,0,0,1,1,1,891,88,0,XX
1,1,50,0,20683.4,144,-2280895,0,-1457908,0,6082481,0,0,130,236,0,0,0,0,0,0,0,0,0,1,1,1,890,87,0,X 
1,1,50,0,20683.5,144,-2280871,0,-1457895,0,6082570,0,0,130,236,0,0,0,0,0,0,0,0,0,1,1,1,889,87,0,XX
1,1,50,0,20683.6,144,-2280847,0,-1457882,0,6082659,0,0,130,237,0,0,0,0,0,0,0,0,0,1,1,1,888,88,0,X 
1,1,50,0,20683.7,144,-2280824,0,-1457869,0,6082747,0,0,131,237,0,0,0,0,0,0,0,0,0,1,1,1,887,87,0,XX
1,1,50,0,20683.8,144,-2280800,0,-1457856,0,6082836,0,0,131,237,0,0,0,0,0,0,0,0,0,1,1,1,887,88,0,X 
1,1,50,0,20683.9,144,-2280776,0,-1457843,0,6082925,0,0,131,238,0,0,0,0,0,0,0,0,0,1,1,1,886,89,0,XX
1,1,50,0,20684.0,144,-2280752,0,-1457830,0,6083013,0,0,131,238,0,0,0,0,0,0,0,0,0,1,1,1,885,94,0,X 
1,1,50,0,20684.1,144,-2280729,0,-1457817,0,6083102,0,0,131,238,0,0,0,0,0,0,0,0,0,1,1,1,884,93,0,XX
1,1,50,0,20684.2,144,-2280705,0,-1457803,0,6083190,0,0,131,238,0,0,0,0,0,0,0,0,0,1,1,1,883,93,0,X 
1,1,50,0,20684.3,144,-2280681,0,-1457790,0,6083279,0,0,132,239,0,0,0,0,0,0,0,0,0,1,1,1,883,96,0,XX
1,1,50,0,20684.4,144,-2280657,0,-1457777,0,6083367,0,0,132,239,0,0,0,0,0,0,0,0,0,1,1,1,882,95,0,X 
1,1,50,0,20684.5,144,-2280633,0,-1457764,0,6083455,0,0,132,239,0,0,0,0,0,0,0,0,0,1,1,1,881,94,0,XX
1,1,50,0,20684.6,144,-2280609,0,-1457750,0,6083543,0,0,132,240,0,0,0,0,0,0,0,0,0,1,1,1,880,95,0,X 
1,1,50,0,20684.7,144,-2280585,0,-1457737,0,6083631,0,0,132,240,0,0,0,0,0,0,0,0,0,1,1,1,879,94,0,XX
1,1,50,0,20684.8,144,-2280561,0,-1457724,0,6083719,0,0,133,240,0,0,0,0,0,0,0,0,0,1,1,1,878,94,0,X 
1,1,50,0,20684.9,144,-2280537,0,-1457711,0,6083807,0,0,133,241,0,0,0,0,0,0,0,0,0,1,1,1,878,95,0,XX
1,1,50,0,20685.0,144,-2280513,0,-1457697,0,6083895,0,0,133,241,0,0,0,0,0,0,0,0,0,1,1,1,877,101,0,X 
1,1,50,0,20685.1,144,-2280488,0,-1457684,0,6083982,0,0,133,241,0,0,0,0,0,0,0,0,0,1,1,1,876,100,0,XX
1,1,50,0,20685.2,144,-2280464,0,-1457670,0,6084070,0,0,133,242,0,0,0,0,0,0,0,0,0,1,1,1,875,101,0,X 
1,1,50,0,20685.3,144,-2280440,0,-1457657,0,6084158,0,0,134,242,0,0,0,0,0,0,0,0,0,1,1,1,874,101,0,XX
1,1,50,0,20685.4,144,-2280416,0,-1457644,0,6084245,0,0,134,242,0,0,0,0,0,0,0,0,0,1,1,1,873,99,0,X 
1,1,50,0,20685.5,144,-2280391,0,-1457630,0,6084332,0,0,134,242,0,0,0,0,0,0,0,0,0,1,1,1,873,100,0,XX
1,1,50,0,20685.6,144,-2280367,0,-1457617,0,6084420,0,0,134,243,0,0,0,0,0,0,0,0,0,1,1,1,872,100,0,X 
1,1,50,0,20685.7,144,-2280343,0,-1457603,0,6084507,0,0,134,243,0,0,0,0,0,0,0,0,0,1,1,1,871,99,0,XX
1,1,50,0,20685.8,144,-2280318,0,-1457590,0,6084594,0,0,135,243,0,0,0,0,0,0,0,0,0,1,1,1,870,99,0,X 
1,1,50,0,20685.9,144,-2280294,0,-1457576,0,6084681,0,0,135,244,0,0,0,0,0,0,0,0,0,1,1,1,869,99,0,XX
1,1,50,0,20686.0,144,-2280270,0,-1457563,0,6084768,0,0,135,244,0,0,0,0,0,0,0,0,0,1,1,1,869,104,0,X 
1,1,50,0,20686.1,144,-2280245,0,-1457549,0,6084855,0,0,135,244,0,0,0,0,0,0,0,0,0,1,1,1,868,41,0,XX
1,1,50,0,20686.2,144,-2280221,0,-1457536,0,6084942,0,0,135,245,0,0,0,0,0,0,0,0,0,1,1,1,867,40,0,X 
1,1,50,0,20686.3,144,-2280196,0,-1457522,0,6085028,0,0,136,245,0,0,0,0,0,0,0,0,0,1,1,1,866,40,0,XX
1,1,50,0,20686.4,144,-2280172,0,-1457508,0,6085115,0,0,136,245,0,0,0,0,0,0,0,0,0,1,1,1,865,39,0,X 
1,1,50,0,20686.5,144,-2280147,0,-1457495,0,6085201,0,0,136,246,0,0,0,0,0,0,0,0,0,1,1,1,864,38,0,XX
1,1,50,0,20686.6,144,-2280122,0,-1457481,0,6085288,0,0,136,246,0,0,0,0,0,0,0,0,0,1,1,1,864,39,0,X 
1,1,50,0,20686.7,144,-2280098,0,-1457467,0,6085374,0,0,136,246,0,0,0,0,0,0,0,0,0,1,1,1,863,100,0,XX
1,1,50,0,20686.8,144,-2280073,0,-1457454,0,6085461,0,0,136,246,0,0,0,0,0,0,0,0,0,1,1,1,862,99,0,X 
1,1,50,0,20686.9,144,-2280048,0,-1457440,0,6085547,0,0,137,247,0,0,0,0,0,0,0,0,0,1,1,1,861,100,0,XX
1,1,50,0,20687.0,144,-2280024,0,-1457426,0,6085633,0,0,137,247,0,0,0,0,0,0,0,0,0,1,1,1,860,104,0,X 
1,1,50,0,20687.1,144,-2279999,0,-1457413,0,6085719,0,0,137,247,0,0,0,0,0,0,0,0,0,1,1,1,860,103,0,XX
1,1,50,0,20687.2,144,-2279974,0,-1457399,0,6085805,0,0,137,248,0,0,0,0,0,0,0,0,0,1,1,1,859,103,0,X 
1,1,50,0,20687.3,144,-2279949,0,-1457385,0,6085891,0,0,137,248,0,0,0,0,0,0,0,0,0,1,1,1,858,102,0,XX
1,1,50,0,20687.4,144,-2279924,0,-1457371,0,6085977,0,0,138,248,0,0,0,0,0,0,0,0,0,1,1,1,857,102,0,X 
1,1,50,0,20687.5,144,-2279899,0,-1457357,0,6086062,0,0,138,249,0,0,0,0,0,0,0,0,0,1,1,1,856,101,0,XX
1,1,50,0,20687.6,144,-2279874,0,-1457344,0,6086148,0,0,138,249,0,0,0,0,0,0,0,0,0,1,1,1,855,99,0,X 
1,1,50,0,20687.7,144,-2279849,0,-1457330,0,6086233,0,0,138,249,0,0,0,0,0,0,0,0,0,1,1,1,855,98,0,XX
1,1,50,0,20687.8,144,-2279825,0,-1457316,0,6086319,0,0,138,250,0,0,0,0,0,0,0,0,0,1,1,1,854,97,0,X 
1,1,50,0,20687.9,144,-2279800,0,-1457302,0,6086404,0,0,139,250,0,0,0,0,0,0,0,0,0,1,1,1,853,96,0,XX
1,1,50,0,20688.0,144,-2279774,0,-1457288,0,6086490,0,0,139,250,0,0,0,0,0,0,0,0,0,1,1,1,852,102,0,X 
1,1,50,0,20688.1,144,-2279749,0,-1457274,0,6086575,0,0,139,250,0,0,0,0,0,0,0,0,0,1,1,1,851,100,0,XX
1,1,50,0,20688.2,144,-2279724,0,-1457260,0,6086660,0,0,139,251,0,0,0,0,0,0,0,0,0,1,1,1,850,99,0,X 
1,1,50,0,20688.3,144,-2279699,0,-1457246,0,6086745,0,0,139,251,0,0,0,0,0,0,0,0,0,1,1,1,850,98,0,XX
1,1,50,0,20688.4,144,-2279674,0,-1457232,0,6086830,0,0,140,251,0,0,0,0,0,0,0,0,0,1,1,1,849,97,0,X 
1,1,50,0,20688.5,144,-2279649,0,-1457218,0,6086915,0,0,140,252,0,0,0,0,0,0,0,0,0,1,1,1,848,96,0,XX
1,1,50,0,20688.6,144,-2279624,0,-1457204,0,6087000,0,0,140,252,0,0,0,0,0,0,0,0,0,1,1,1,847,94,0,X 
1,1,50,0,20688.7,144,-2279598,0,-1457190,0,6087085,0,0,140,252,0,0,0,0,0,0,0,0,0,1,1,1,846,93,0,XX
1,1,50,0,20688.8,144,-2279573,0,-1457176,0,6087169,0,0,140,253,0,0,0,0,0,0,0,0,0,1,1,1,845,91,0,X 
1,1,50,0,20688.9,144,-2279548,0,-1457162,0,6087254,0,0,140,253,0,0,0,0,0,0,0,0,0,1,1,1,845,90,0,XX
1,1,50,0,20689.0,144,-2279522,0,-1457148,0,6087338,0,0,141,253,0,0,0,0,0,0,0,0,0,1,1,1,844,95,0,X 
1,1,50,0,20689.1,144,-2279497,0,-1457134,0,6087423,0,0,141,253,0,0,0,0,0,0,0,0,0,1,1,1,843,93,0,XX
1,1,50,0,20689.2,144,-2279471,0,-1457120,0,6087507,0,0,141,254,0,0,0,0,0,0,0,0,0,1,1,1,842,92,0,X 
1,1,50,0,20689.3,144,-2279446,0,-1457105,0,6087591,0,0,141,254,0,0,0,0,0,0,0,0,0,1,1,1,841,90,0,XX
1,1,50,0,20689.4,144,-2279421,0,-1457091,0,6087675,0,0,141,254,0,0,0,0,0,0,0,0,0,1,1,1,841,88,0,X 
1,1,50,0,20689.5,144,-2279395,0,-1457077,0,6087759,0,0,142,255,0,0,0,0,0,0,0,0,0,1,1,1,840,88,0,XX
1,1,50,0,20689.6,144,-2279370,0,-1457063,0,6087843,0,0,142,255,0,0,0,0,0,0,0,0,0,1,1,1,839,85,0,X 
1,1,50,0,20689.7,144,-2279344,0,-1457049,0,6087927,0,0,142,255,0,0,0,0,0,0,0,0,0,1,1,1,838,83,0,XX
1,1,50,0,20689.8,144,-2279318,0,-1457034,0,6088011,0,0,142,256,0,0,0,0,0,0,0,0,0,1,1,1,837,83,0,X 
1,1,50,0,20689.9,144,-2279293,0,-1457020,0,6088095,0,0,142,256,0,0,0,0,0,0,0,0,0,1,1,1,837,81,0,XX
1,1,50,0,20690.0,144,-2279267,0,-1457006,0,6088179,0,0,143,256,0,0,0,0,0,0,0,0,0,1,1,1,836,86,0,X 
1,1,50,0,20690.1,144,-2279241,0,-1456991,0,6088262,0,0,143,257,0,0,0,0,0,0,0,0,0,1,1,1,835,85,0,XX
1,1,50,0,20690.2,144,-2279215,0,-1456977,0,6088345,0,0,143,257,0,0,0,0,0,0,0,0,0,1,1,1,834,82,0,X 
1,1,50,0,20690.3,144,-2279190,0,-1456963,0,6088428,0,0,143,257,0,0,0,0,0,0,0,0,0,1,1,1,833,78,0,XX
1,1,50,0,20690.4,144,-2279164,0,-1456949,0,6088511,0,0,143,257,0,0,0,0,0,0,0,0,0,1,1,1,833,76,0,X 
1,1,50,0,20690.5,144,-2279138,0,-1456934,0,6088595,0,0,144,258,0,0,0,0,0,0,0,0,0,1,1,1,832,77,0,XX
1,1,50,0,20690.6,144,-2279112,0,-1456920,0,6088678,0,0,144,258,0,0,0,0,0,0,0,0,0,1,1,1,831,74,0,X 
1,1,50,0,20690.7,144,-2279086,0,-1456906,0,6088761,0,0,144,258,0,0,0,0,0,0,0,0,0,1,1,1,830,71,0,XX
1,1,50,0,20690.8,144,-2279060,0,-1456891,0,6088844,0,0,144,259,0,0,0,0,0,0,0,0,0,1,1,1,829,70,0,X 
1,1,50,0,20690.9,144,-2279034,0,-1456877,0,6088927,0,0,144,259,0,0,0,0,0,0,0,0,0,1,1,1,828,67,0,XX
1,1,50,0,20691.0,144,-2279008,0,-1456862,0,6089010,0,0,144,259,0,0,0,0,0,0,0,0,0,1,1,1,828,72,0,X 
1,1,50,0,20691.1,144,-2278982,0,-1456848,0,6089092,0,0,145,260,0,0,0,0,0,0,0,0,0,1,1,1,827,70,0,XX
1,1,50,0,20691.2,144,-2278956,0,-1456833,0,6089175,0,0,145,260,0,0,0,0,0,0,0,0,0,1,1,1,826,68,0,X 
1,1,50,0,20691.3,144,-2278930,0,-1456819,0,6089258,0,0,145,260,0,0,0,0,0,0,0,0,0,1,1,1,825,0,0,XX
1,1,50,0,20691.4,144,-2278904,0,-1456804,0,6089340,0,0,145,261,0,0,0,0,0,0,0,0,0,1,1,1,824,126,0,X 
1,1,50,0,20691.5,144,-2278878,0,-1456789,0,6089423,0,0,145,261,0,0,0,0,0,0,0,0,0,1,1,1,823,124,0,XX
1,1,50,0,20691.6,144,-2278852,0,-1456775,0,6089505,0,0,146,261,0,0,0,0,0,0,0,0,0,1,1,1,823,122,0,X 
1,1,50,0,20691.7,144,-2278826,0,-1456760,0,6089587,0,0,146,261,0,0,0,0,0,0,0,0,0,1,1,1,822,119,0,XX
1,1,50,0,20691.8,144,-2278800,0,-1456746,0,6089670,0,0,146,262,0,0,0,0,0,0,0,0,0,1,1,1,821,117,0,X 
1,1,50,0,20691.9,144,-2278773,0,-1456731,0,6089752,0,0,146,262,0,0,0,0,0,0,0,0,0,1,1,1,820,115,0,XX
1,1,50,0,20692.0,144,-2278747,0,-1456716,0,6089834,0,0,146,262,0,0,0,0,0,0,0,0,0,1,1,1,819,118,0,X 
1,1,50,0,20692.1,144,-2278721,0,-1456701,0,6089916,0,0,147,263,0,0,0,0,0,0,0,0,0,1,1,1,818,117,0,XX
1,1,50,0,20692.2,144,-2278694,0,-1456687,0,6089998,0,0,147,263,0,0,0,0,0,0,0,0,0,1,1,1,818,115,0,X 
1,1,50,0,20692.3,144,-2278668,0,-1456672,0,6090079,0,0,147,263,0,0,0,0,0,0,0,0,0,1,1,1,817,111,0,XX
1,1,50,0,20692.4,144,-2278642,0,-1456657,0,6090161,0,0,147,264,0,0,0,0,0,0,0,0,0,1,1,1,816,109,0,X 
1,1,50,0,20692.5,144,-2278615,0,-1456642,0,6090243,0,0,147,264,0,0,0,0,0,0,0,0,0,1,1,1,815,107,0,XX
1,1,50,0,20692.6,144,-2278589,0,-1456628,0,6090324,0,0,148,264,0,0,0,0,0,0,0,0,0,1,1,1,815,104,0,X 
1,1,50,0,20692.7,144,-2278562,0,-1456613,0,6090406,0,0,148,265,0,0,0,0,0,0,0,0,0,1,1,1,814,40,0,XX
1,1,50,0,20692.8,144,-2278536,0,-1456598,0,6090487,0,0,148,265,0,0,0,0,0,0,0,0,0,1,1,1,813,36,0,X 
1,1,50,0,20692.9,144,-2278509,0,-1456583,0,6090568,0,0,148,265,0,0,0,0,0,0,0,0,0,1,1,1,812,96,0,XX
1,1,50,0,20693.0,144,-2278483,0,-1456568,0,6090650,0,0,148,265,0,0,0,0,0,0,0,0,0,1,1,1,811,36,0,X 
1,1,50,0,20693.1,144,-2278456,0,-1456553,0,6090731,0,0,148,266,0,0,0,0,0,0,0,0,0,1,1,1,810,97,0,XX
1,1,50,0,20693.2,144,-2278429,0,-1456539,0,6090812,0,0,149,266,0,0,0,0,0,0,0,0,0,1,1,1,810,95,0,X 
1,1,50,0,20693.3,144,-2278403,0,-1456524,0,6090893,0,0,149,266,0,0,0,0,0,0,0,0,0,1,1,1,809,91,0,XX
1,1,50,0,20693.4,144,-2278376,0,-1456509,0,6090974,0,0,149,267,0,0,0,0,0,0,0,0,0,1,1,1,808,89,0,X 
1,1,50,0,20693.5,144,-2278349,0,-1456494,0,6091054,0,0,149,267,0,0,0,0,0,0,0,0,0,1,1,1,807,85,0,XX
1,1,50,0,20693.6,144,-2278323,0,-1456479,0,6091135,0,0,149,267,0,0,0,0,0,0,0,0,0,1,1,1,806,81,0,X 
1,1,50,0,20693.7,144,-2278296,0,-1456464,0,6091216,0,0,150,268,0,0,0,0,0,0,0,0,0,1,1,1,805,80,0,XX
1,1,50,0,20693.8,144,-2278269,0,-1456449,0,6091296,0,0,150,268,0,0,0,0,0,0,0,0,0,1,1,1,805,77,0,X 
1,1,50,0,20693.9,144,-2278242,0,-1456434,0,6091377,0,0,150,268,0,0,0,0,0,0,0,0,0,1,1,1,804,74,0,XX
1,1,50,0,20694.0,144,-2278215,0,-1456419,0,6091457,0,0,150,269,0,0,0,0,0,0,0,0,0,1,1,1,803,77,0,X 
1,1,50,0,20694.1,144,-2278188,0,-1456404,0,6091537,0,0,150,269,0,0,0,0,0,0,0,0,0,1,1,1,802,73,0,XX
1,1,50,0,20694.2,144,-2278161,0,-1456388,0,6091618,0,0,151,269,0,0,0,0,0,0,0,0,0,1,1,1,801,72,0,X 
1,1,50,0,20694.3,144,-2278134,0,-1456373,0,6091698,0,0,151,269,0,0,0,0,0,0,0,0,0,1,1,1,800,68,0,XX
1,1,50,0,20694.4,144,-2278107,0,-1456358,0,6091778,0,0,151,270,0,0,0,0,0,0,0,0,0,1,1,1,800,66,0,X 
1,1,50,0,20694.5,144,-2278080,0,-1456343,0,6091858,0,0,151,270,0,0,0,0,0,0,0,0,0,1,1,1,799,125,0,XX
1,1,50,0,20694.6,144,-2278053,0,-1456328,0,6091938,0,0,151,270,0,0,0,0,0,0,0,0,0,1,1,1,798,121,0,X 
1,1,50,0,20694.7,144,-2278026,0,-1456313,0,6092018,0,0,152,271,0,0,0,0,0,0,0,0,0,1,1,1,797,119,0,XX
1,1,50,0,20694.8,144,-2277999,0,-1456297,0,6092097,0,0,152,271,0,0,0,0,0,0,0,0,0,1,1,1,796,115,0,X 
1,1,50,0,20694.9,144,-2277972,0,-1456282,0,6092177,0,0,152,271,0,0,0,0,0,0,0,0,0,1,1,1,796,112,0,XX
1,1,50,0,20695.0,144,-2277945,0,-1456267,0,6092257,0,0,152,272,0,0,0,0,0,0,0,0,0,1,1,1,795,115,0,X 
1,1,50,0,20695.1,144,-2277917,0,-1456252,0,6092336,0,0,152,272,0,0,0,0,0,0,0,0,0,1,1,1,794,111,0,XX
1,1,50,0,20695.2,144,-2277890,0,-1456236,0,6092415,0,0,153,272,0,0,0,0,0,0,0,0,0,1,1,1,793,108,0,X 
1,1,50,0,20695.3,144,-2277863,0,-1456221,0,6092495,0,0,153,273,0,0,0,0,0,0,0,0,0,1,1,1,792,105,0,XX
1,1,50,0,20695.4,144,-2277836,0,-1456206,0,6092574,0,0,153,273,0,0,0,0,0,0,0,0,0,1,1,1,792,101,0,X 
1,1,50,0,20695.5,144,-2277808,0,-1456190,0,6092653,0,0,153,273,0,0,0,0,0,0,0,0,0,1,1,1,791,98,0,XX
1,1,50,0,20695.6,144,-2277781,0,-1456175,0,6092732,0,0,153,273,0,0,0,0,0,0,0,0,0,1,1,1,790,93,0,X 
1,1,50,0,20695.7,144,-2277753,0,-1456160,0,6092811,0,0,153,274,0,0,0,0,0,0,0,0,0,1,1,1,789,90,0,XX
1,1,50,0,20695.8,144,-2277726,0,-1456144,0,6092890,0,0,154,274,0,0,0,0,0,0,0,0,0,1,1,1,788,22,0,X 
1,1,50,0,20695.9,144,-2277699,0,-1456129,0,6092969,0,0,154,274,0,0,0,0,0,0,0,0,0,1,1,1,788,18,0,XX
1,1,50,0,20696.0,144,-2277671,0,-1456113,0,6093048,0,0,154,275,0,0,0,0,0,0,0,0,0,1,1,1,787,87,0,X 
1,1,50,0,20696.1,144,-2277643,0,-1456098,0,6093126,0,0,154,275,0,0,0,0,0,0,0,0,0,1,1,1,786,82,0,XX
1,1,50,0,20696.2,144,-2277616,0,-1456082,0,6093205,0,0,154,275,0,0,0,0,0,0,0,0,0,1,1,1,785,78,0,X 
1,1,50,0,20696.3,144,-2277588,0,-1456067,0,6093284,0,0,155,276,0,0,0,0,0,0,0,0,0,1,1,1,784,76,0,XX
1,1,50,0,20696.4,144,-2277561,0,-1456051,0,6093363,0,0,155,276,0,0,0,0,0,0,0,0,0,1,1,1,783,72,0,X 
1,1,50,0,20696.5,144,-2277533,0,-1456036,0,6093441,0,0,155,276,0,0,0,0,0,0,0,0,0,1,1,1,782,67,0,XX
1,1,50,0,20696.6,144,-2277506,0,-1456020,0,6093519,0,0,155,276,0,0,0,0,0,0,0,0,0,1,1,1,782,63,0,X 
1,1,50,0,20696.7,144,-2277478,0,-1456005,0,6093597,0,0,155,277,0,0,0,0,0,0,0,0,0,1,1,1,781,59,0,XX
1,1,50,0,20696.8,144,-2277450,0,-1455989,0,6093675,0,0,156,277,0,0,0,0,0,0,0,0,0,1,1,1,780,56,0,X 
1,1,50,0,20696.9,144,-2277422,0,-1455973,0,6093753,0,0,156,277,0,0,0,0,0,0,0,0,0,1,1,1,779,52,0,XX
1,1,50,0,20697.0,144,-2277394,0,-1455958,0,6093831,0,0,156,278,0,0,0,0,0,0,0,0,0,1,1,1,778,54,0,X 
1,1,50,0,20697.1,144,-2277367,0,-1455942,0,6093909,0,0,156,278,0,0,0,0,0,0,0,0,0,1,1,1,778,113,0,XX
1,1,50,0,20697.2,144,-2277339,0,-1455926,0,6093987,0,0,156,278,0,0,0,0,0,0,0,0,0,1,1,1,777,109,0,X 
1,1,50,0,20697.3,144,-2277311,0,-1455911,0,6094065,0,0,156,279,0,0,0,0,0,0,0,0,0,1,1,1,776,105,0,XX
1,1,50,0,20697.4,144,-2277283,0,-1455895,0,6094142,0,0,157,279,0,0,0,0,0,0,0,0,0,1,1,1,775,101,0,X 
1,1,50,0,20697.5,144,-2277255,0,-1455879,0,6094220,0,0,157,279,0,0,0,0,0,0,0,0,0,1,1,1,774,97,0,XX
1,1,50,0,20697.6,144,-2277227,0,-1455864,0,6094297,0,0,157,280,0,0,0,0,0,0,0,0,0,1,1,1,774,93,0,X 
1,1,50,0,20697.7,144,-2277199,0,-1455848,0,6094375,0,0,157,280,0,0,0,0,0,0,0,0,0,1,1,1,773,89,0,XX
1,1,50,0,20697.8,144,-2277171,0,-1455832,0,6094452,0,0,157,280,0,0,0,0,0,0,0,0,0,1,1,1,772,84,0,X 
1,1,50,0,20697.9,144,-2277143,0,-1455816,0,6094529,0,0,158,280,0,0,0,0,0,0,0,0,0,1,1,1,771,80,0,XX
1,1,50,0,20698.0,144,-2277115,0,-1455800,0,6094606,0,0,158,281,0,0,0,0,0,0,0,0,0,1,1,1,770,82,0,X 
1,1,50,0,20698.1,144,-2277087,0,-1455785,0,6094683,0,0,158,281,0,0,0,0,0,0,0,0,0,1,1,1,769,76,0,XX
1,1,50,0,20698.2,144,-2277058,0,-1455769,0,6094760,0,0,158,281,0,0,0,0,0,0,0,0,0,1,1,1,769,73,0,X 
1,1,50,0,20698.3,144,-2277030,0,-1455753,0,6094837,0,0,158,282,0,0,0,0,0,0,0,0,0,1,1,1,768,4,0,XX
1,1,50,0,20698.4,144,-2277002,0,-1455737,0,6094914,0,0,159,282,0,0,0,0,0,0,0,0,0,1,1,1,767,121,0,X 
1,1,50,0,20698.5,144,-2276974,0,-1455721,0,6094991,0,0,159,282,0,0,0,0,0,0,0,0,0,1,1,1,766,116,0,XX
1,1,50,0,20698.6,144,-2276945,0,-1455705,0,6095067,0,0,159,283,0,0,0,0,0,0,0,0,0,1,1,1,765,112,0,X 
1,1,50,0,20698.7,144,-2276917,0,-1455689,0,6095144,0,0,159,283,0,0,0,0,0,0,0,0,0,1,1,1,765,108,0,XX
1,1,50,0,20698.8,144,-2276889,0,-1455673,0,6095220,0,0,159,283,0,0,0,0,0,0,0,0,0,1,1,1,764,102,0,X 
1,1,50,0,20698.9,144,-2276860,0,-1455657,0,6095297,0,0,160,284,0,0,0,0,0,0,0,0,0,1,1,1,763,100,0,XX
1,1,50,0,20699.0,144,-2276832,0,-1455641,0,6095373,0,0,160,284,0,0,0,0,0,0,0,0,0,1,1,1,762,100,0,X 
1,1,50,0,20699.1,144,-2276803,0,-1455625,0,6095449,0,0,160,284,0,0,0,0,0,0,0,0,0,1,1,1,761,95,0,XX
1,1,50,0,20699.2,144,-2276775,0,-1455609,0,6095525,0,0,160,284,0,0,0,0,0,0,0,0,0,1,1,1,760,89,0,X 
1,1,50,0,20699.3,144,-2276746,0,-1455593,0,6095601,0,0,160,285,0,0,0,0,0,0,0,0,0,1,1,1,760,23,0,XX
1,1,50,0,20699.4,144,-2276718,0,-1455577,0,6095677,0,0,161,285,0,0,0,0,0,0,0,0,0,1,1,1,759,81,0,X 
1,1,50,0,20699.5,144,-2276689,0,-1455561,0,6095753,0,0,161,285,0,0,0,0,0,0,0,0,0,1,1,1,758,76,0,XX
1,1,50,0,20699.6,144,-2276661,0,-1455545,0,6095829,0,0,161,286,0,0,0,0,0,0,0,0,0,1,1,1,757,71,0,X 
1,1,50,0,20699.7,144,-2276632,0,-1455528,0,6095905,0,0,161,286,0,0,0,0,0,0,0,0,0,1,1,1,756,67,0,XX
1,1,50,0,20699.8,144,-2276603,0,-1455512,0,6095980,0,0,161,286,0,0,0,0,0,0,0,0,0,1,1,1,755,61,0,X 
1,1,50,0,20699.9,144,-2276575,0,-1455496,0,6096056,0,0,161,287,0,0,0,0,0,0,0,0,0,1,1,1,755,57,0,XX
1,1,50,0,20700.0,144,-2276546,0,-1455480,0,6096131,0,0,162,287,0,0,0,0,0,0,0,0,0,1,1,1,754,58,0,X 
1,1,50,0,20700.1,144,-2276517,0,-1455464,0,6096207,0,0,162,287,0,0,0,0,0,0,0,0,0,1,1,1,753,53,0,XX
1,1,50,0,20700.2,144,-2276489,0,-1455448,0,6096282,0,0,162,288,0,0,0,0,0,0,0,0,0,1,1,1,752,47,0,X 
1,1,50,0,20700.3,144,-2276460,0,-1455431,0,6096357,0,0,162,288,0,0,0,0,0,0,0,0,0,1,1,1,752,43,0,XX
1,1,50,0,20700.4,144,-2276431,0,-1455415,0,6096433,0,0,162,288,0,0,0,0,0,0,0,0,0,1,1,1,751,101,0,X 
1,1,50,0,20700.5,144,-2276402,0,-1455399,0,6096508,0,0,163,288,0,0,0,0,0,0,0,0,0,1,1,1,750,96,0,XX
1,1,50,0,20700.6,144,-2276373,0,-1455382,0,6096583,0,0,163,289,0,0,0,0,0,0,0,0,0,1,1,1,749,92,0,X 
1,1,50,0,20700.7,144,-2276344,0,-1455366,0,6096658,0,0,163,289,0,0,0,0,0,0,0,0,0,1,1,1,748,86,0,XX
1,1,50,0,20700.8,144,-2276315,0,-1455350,0,6096732,0,0,163,289,0,0,0,0,0,0,0,0,0,1,1,1,747,79,0,X 
1,1,50,0,20700.9,144,-2276286,0,-1455333,0,6096807,0,0,163,290,0,0,0,0,0,0,0,0,0,1,1,1,747,76,0,XX
1,1,50,0,20701.0,144,-2276257,0,-1455317,0,6096882,0,0,164,290,0,0,0,0,0,0,0,0,0,1,1,1,746,77,0,X 
1,1,50,0,20701.1,144,-2276228,0,-1455300,0,6096956,0,0,164,290,0,0,0,0,0,0,0,0,0,1,1,1,745,71,0,XX
1,1,50,0,20701.2,144,-2276199,0,-1455284,0,6097031,0,0,164,291,0,0,0,0,0,0,0,0,0,1,1,1,744,66,0,X 
1,1,50,0,20701.3,144,-2276170,0,-1455268,0,6097105,0,0,164,291,0,0,0,0,0,0,0,0,0,1,1,1,743,122,0,XX
1,1,50,0,20701.4,144,-2276141,0,-1455251,0,6097180,0,0,164,291,0,0,0,0,0,0,0,0,0,1,1,1,742,117,0,X 
1,1,50,0,20701.5,144,-2276112,0,-1455235,0,6097254,0,0,164,291,0,0,0,0,0,0,0,0,0,1,1,1,742,111,0,XX
1,1,50,0,20701.6,144,-2276082,0,-1455218,0,6097328,0,0,165,292,0,0,0,0,0,0,0,0,0,1,1,1,741,108,0,X 
1,1,50,0,20701.7,144,-2276053,0,-1455202,0,6097402,0,0,165,292,0,0,0,0,0,0,0,0,0,1,1,1,740,101,0,XX
1,1,50,0,20701.8,144,-2276024,0,-1455185,0,6097476,0,0,165,292,0,0,0,0,0,0,0,0,0,1,1,1,739,95,0,X 
1,1,50,0,20701.9,144,-2275995,0,-1455169,0,6097550,0,0,165,293,0,0,0,0,0,0,0,0,0,1,1,1,738,89,0,XX
1,1,50,0,20702.0,144,-2275965,0,-1455152,0,6097624,0,0,165,293,0,0,0,0,0,0,0,0,0,1,1,1,737,90,0,X 
1,1,50,0,20702.1,144,-2275936,0,-1455135,0,6097698,0,0,166,293,0,0,0,0,0,0,0,0,0,1,1,1,737,86,0,XX
1,1,50,0,20702.2,144,-2275906,0,-1455119,0,6097771,0,0,166,294,0,0,0,0,0,0,0,0,0,1,1,1,736,80,0,X 
1,1,50,0,20702.3,144,-2275877,0,-1455102,0,6097845,0,0,166,294,0,0,0,0,0,0,0,0,0,1,1,1,735,9,0,XX
1,1,50,0,20702.4,144,-2275848,0,-1455085,0,6097918,0,0,166,294,0,0,0,0,0,0,0,0,0,1,1,1,734,2,0,X 
1,1,50,0,20702.5,144,-2275818,0,-1455069,0,6097992,0,0,166,295,0,0,0,0,0,0,0,0,0,1,1,1,733,125,0,XX
1,1,50,0,20702.6,144,-2275789,0,-1455052,0,6098065,0,0,167,295,0,0,0,0,0,0,0,0,0,1,1,1,733,120,0,X 
1,1,50,0,20702.7,144,-2275759,0,-1455035,0,6098139,0,0,167,295,0,0,0,0,0,0,0,0,0,1,1,1,732,52,0,XX
1,1,50,0,20702.8,144,-2275729,0,-1455019,0,6098212,0,0,167,295,0,0,0,0,0,0,0,0,0,1,1,1,731,45,0,X 
1,1,50,0,20702.9,144,-2275700,0,-1455002,0,6098285,0,0,167,296,0,0,0,0,0,0,0,0,0,1,1,1,730,39,0,XX
1,1,50,0,20703.0,144,-2275670,0,-1454985,0,6098358,0,0,167,296,0,0,0,0,0,0,0,0,0,1,1,1,729,39,0,X 
1,1,50,0,20703.1,144,-2275640,0,-1454968,0,6098431,0,0,168,296,0,0,0,0,0,0,0,0,0,1,1,1,729,35,0,XX
1,1,50,0,20703.2,144,-2275611,0,-1454951,0,6098504,0,0,168,297,0,0,0,0,0,0,0,0,0,1,1,1,728,92,0,X 
1,1,50,0,20703.3,144,-2275581,0,-1454935,0,6098576,0,0,168,297,0,0,0,0,0,0,0,0,0,1,1,1,727,84,0,XX
1,1,50,0,20703.4,144,-2275551,0,-1454918,0,6098649,0,0,168,297,0,0,0,0,0,0,0,0,0,1,1,1,726,78,0,X 
1,1,50,0,20703.5,144,-2275521,0,-1454901,0,6098722,0,0,168,298,0,0,0,0,0,0,0,0,0,1,1,1,725,73,0,XX
1,1,50,0,20703.6,144,-2275492,0,-1454884,0,6098794,0,0,168,298,0,0,0,0,0,0,0,0,0,1,1,1,724,65,0,X 
1,1,50,0,20703.7,144,-2275462,0,-1454867,0,6098867,0,0,169,298,0,0,0,0,0,0,0,0,0,1,1,1,724,61,0,XX
1,1,50,0,20703.8,144,-2275432,0,-1454850,0,6098939,0,0,169,298,0,0,0,0,0,0,0,0,0,1,1,1,723,54,0,X 
1,1,50,0,20703.9,144,-2275402,0,-1454833,0,6099011,0,0,169,299,0,0,0,0,0,0,0,0,0,1,1,1,722,48,0,XX
1,1,50,0,20704.0,144,-2275372,0,-1454816,0,6099084,0,0,169,299,0,0,0,0,0,0,0,0,0,1,1,1,721,111,0,X 
1,1,50,0,20704.1,144,-2275342,0,-1454799,0,6099156,0,0,169,299,0,0,0,0,0,0,0,0,0,1,1,1,720,104,0,XX
1,1,50,0,20704.2,144,-2275312,0,-1454782,0,6099228,0,0,170,300,0,0,0,0,0,0,0,0,0,1,1,1,720,100,0,X 
1,1,50,0,20704.3,144,-2275282,0,-1454765,0,6099300,0,0,170,300,0,0,0,0,0,0,0,0,0,1,1,1,719,93,0,XX
1,1,50,0,20704.4,144,-2275252,0,-1454748,0,6099372,0,0,170,300,0,0,0,0,0,0,0,0,0,1,1,1,718,86,0,X 
1,1,50,0,20704.5,144,-2275222,0,-1454731,0,6099443,0,0,170,301,0,0,0,0,0,0,0,0,0,1,1,1,717,79,0,XX
1,1,50,0,20704.6,144,-2275192,0,-1454714,0,6099515,0,0,170,301,0,0,0,0,0,0,0,0,0,1,1,1,716,72,0,X 
1,1,50,0,20704.7,144,-2275162,0,-1454697,0,6099587,0,0,171,301,0,0,0,0,0,0,0,0,0,1,1,1,715,66,0,XX
1,1,50,0,20704.8,144,-2275131,0,-1454680,0,6099658,0,0,171,301,0,0,0,0,0,0,0,0,0,1,1,1,715,123,0,X 
1,1,50,0,20704.9,144,-2275101,0,-1454663,0,6099730,0,0,171,302,0,0,0,0,0,0,0,0,0,1,1,1,714,117,0,XX
1,1,50,0,20705.0,144,-2275071,0,-1454646,0,6099801,0,0,171,302,0,0,0,0,0,0,0,0,0,1,1,1,713,115,0,X 
1,1,50,0,20705.1,144,-2275041,0,-1454628,0,6099873,0,0,171,303,0,0,0,0,0,0,0,0,0,1,1,1,712,110,0,XX
1,1,50,0,20705.2,144,-2275010,0,-1454611,0,6099944,0,0,171,303,0,0,0,0,0,0,0,0,0,1,1,1,711,103,0,X 
1,1,50,0,20705.3,144,-2274980,0,-1454594,0,6100015,0,0,172,303,0,0,0,0,0,0,0,0,0,1,1,1,711,97,0,XX
1,1,50,0,20705.4,144,-2274950,0,-1454577,0,6100086,0,0,172,303,0,0,0,0,0,0,0,0,0,1,1,1,710,89,0,X 
1,1,50,0,20705.5,144,-2274919,0,-1454560,0,6100157,0,0,172,304,0,0,0,0,0,0,0,0,0,1,1,1,709,83,0,XX
1,1,50,0,20705.6,144,-2274889,0,-1454542,0,6100228,0,0,172,304,0,0,0,0,0,0,0,0,0,1,1,1,708,11,0,X 
1,1,50,0,20705.7,144,-2274858,0,-1454525,0,6100299,0,0,172,304,0,0,0,0,0,0,0,0,0,1,1,1,707,4,0,XX
1,1,50,0,20705.8,144,-2274828,0,-1454508,0,6100369,0,0,173,305,0,0,0,0,0,0,0,0,0,1,1,1,706,125,0,X 
1,1,50,0,20705.9,144,-2274797,0,-1454490,0,6100440,0,0,173,305,0,0,0,0,0,0,0,0,0,1,1,1,706,120,0,XX
1,1,50,0,20706.0,144,-2274767,0,-1454473,0,6100511,0,0,173,305,0,0,0,0,0,0,0,0,0,1,1,1,705,118,0,X 
1,1,50,0,20706.1,144,-2274736,0,-1454456,0,6100581,0,0,173,306,0,0,0,0,0,0,0,0,0,1,1,1,704,48,0,XX
1,1,50,0,20706.2,144,-2274706,0,-1454438,0,6100652,0,0,173,306,0,0,0,0,0,0,0,0,0,1,1,1,703,41,0,X 
1,1,50,0,20706.3,144,-2274675,0,-1454421,0,6100722,0,0,174,306,0,0,0,0,0,0,0,0,0,1,1,1,702,34,0,XX
1,1,50,0,20706.4,144,-2274644,0,-1454404,0,6100792,0,0,174,306,0,0,0,0,0,0,0,0,0,1,1,1,702,90,0,X 
1,1,50,0,20706.5,144,-2274614,0,-1454386,0,6100862,0,0,174,307,0,0,0,0,0,0,0,0,0,1,1,1,701,83,0,XX
1,1,50,0,20706.6,144,-2274583,0,-1454369,0,6100932,0,0,174,307,0,0,0,0,0,0,0,0,0,1,1,1,700,75,0,X 
1,1,50,0,20706.7,144,-2274552,0,-1454351,0,6101002,0,0,174,307,0,0,0,0,0,0,0,0,0,1,1,1,699,68,0,XX
1,1,50,0,20706.8,144,-2274521,0,-1454334,0,6101072,0,0,174,308,0,0,0,0,0,0,0,0,0,1,1,1,698,61,0,X 
1,1,50,0,20706.9,144,-2274490,0,-1454316,0,6101142,0,0,175,308,0,0,0,0,0,0,0,0,0,1,1,1,697,55,0,XX
1,1,50,0,20707.0,144,-2274460,0,-1454299,0,6101212,0,0,175,308,0,0,0,0,0,0,0,0,0,1,1,1,697,53,0,X 
1,1,50,0,20707.1,144,-2274429,0,-1454281,0,6101282,0,0,175,309,0,0,0,0,0,0,0,0,0,1,1,1,696,47,0,XX
1,1,50,0,20707.2,144,-2274398,0,-1454264,0,6101351,0,0,175,309,0,0,0,0,0,0,0,0,0,1,1,1,695,101,0,X 
1,1,50,0,20707.3,144,-2274367,0,-1454246,0,6101421,0,0,175,309,0,0,0,0,0,0,0,0,0,1,1,1,694,94,0,XX
1,1,50,0,20707.4,144,-2274336,0,-1454228,0,6101490,0,0,176,309,0,0,0,0,0,0,0,0,0,1,1,1,693,87,0,X 
1,1,50,0,20707.5,144,-2274305,0,-1454211,0,6101560,0,0,176,310,0,0,0,0,0,0,0,0,0,1,1,1,693,81,0,XX
1,1,50,0,20707.6,144,-2274274,0,-1454193,0,6101629,0,0,176,310,0,0,0,0,0,0,0,0,0,1,1,1,692,73,0,X 
1,1,50,0,20707.7,144,-2274243,0,-1454175,0,6101698,0,0,176,310,0,0,0,0,0,0,0,0,0,1,1,1,691,65,0,XX
1,1,50,0,20707.8,144,-2274212,0,-1454158,0,6101767,0,0,176,311,0,0,0,0,0,0,0,0,0,1,1,1,690,57,0,X 
1,1,50,0,20707.9,144,-2274180,0,-1454140,0,6101836,0,0,177,311,0,0,0,0,0,0,0,0,0,1,1,1,689,114,0,XX
1,1,50,0,20708.0,144,-2274149,0,-1454122,0,6101905,0,0,177,311,0,0,0,0,0,0,0,0,0,1,1,1,689,113,0,X 
1,1,50,0,20708.1,144,-2274118,0,-1454105,0,6101974,0,0,177,312,0,0,0,0,0,0,0,0,0,1,1,1,688,105,0,XX
1,1,50,0,20708.2,144,-2274087,0,-1454087,0,6102043,0,0,177,312,0,0,0,0,0,0,0,0,0,1,1,1,687,97,0,X 
1,1,50,0,20708.3,144,-2274056,0,-1454069,0,6102111,0,0,177,312,0,0,0,0,0,0,0,0,0,1,1,1,686,88,0,XX
1,1,50,0,20708.4,144,-2274024,0,-1454051,0,6102180,0,0,178,313,0,0,0,0,0,0,0,0,0,1,1,1,685,83,0,X 
1,1,50,0,20708.5,144,-2273993,0,-1454034,0,6102249,0,0,178,313,0,0,0,0,0,0,0,0,0,1,1,1,684,74,0,XX
1,1,50,0,20708.6,144,-2273962,0,-1454016,0,6102317,0,0,178,313,0,0,0,0,0,0,0,0,0,1,1,1,684,1,0,X 
1,1,50,0,20708.7,144,-2273930,0,-1453998,0,6102385,0,0,178,313,0,0,0,0,0,0,0,0,0,1,1,1,683,121,0,XX
1,1,50,0,20708.8,144,-2273899,0,-1453980,0,6102454,0,0,178,314,0,0,0,0,0,0,0,0,0,1,1,1,682,114,0,X 
1,1,50,0,20708.9,144,-2273867,0,-1453962,0,6102522,0,0,178,314,0,0,0,0,0,0,0,0,0,1,1,1,681,106,0,XX
1,1,50,0,20709.0,144,-2273836,0,-1453944,0,6102590,0,0,179,314,0,0,0,0,0,0,0,0,0,1,1,1,680,104,0,X 
1,1,50,0,20709.1,144,-2273804,0,-1453926,0,6102658,0,0,179,315,0,0,0,0,0,0,0,0,0,1,1,1,680,98,0,XX
1,1,50,0,20709.2,144,-2273773,0,-1453908,0,6102726,0,0,179,315,0,0,0,0,0,0,0,0,0,1,1,1,679,89,0,X 
1,1,50,0,20709.3,144,-2273741,0,-1453890,0,6102794,0,0,179,315,0,0,0,0,0,0,0,0,0,1,1,1,678,16,0,XX
1,1,50,0,20709.4,144,-2273710,0,-1453872,0,6102862,0,0,179,316,0,0,0,0,0,0,0,0,0,1,1,1,677,8,0,X 
1,1,50,0,20709.5,144,-2273678,0,-1453854,0,6102929,0,0,180,316,0,0,0,0,0,0,0,0,0,1,1,1,676,0,0,XX
1,1,50,0,20709.6,144,-2273646,0,-1453836,0,6102997,0,0,180,316,0,0,0,0,0,0,0,0,0,1,1,1,675,57,0,X 
1,1,50,0,20709.7,144,-2273615,0,-1453818,0,6103065,0,0,180,316,0,0,0,0,0,0,0,0,0,1,1,1,675,49,0,XX
1,1,50,0,20709.8,144,-2273583,0,-1453800,0,6103132,0,0,180,317,0,0,0,0,0,0,0,0,0,1,1,1,674,41,0,X 
1,1,50,0,20709.9,144,-2273551,0,-1453782,0,6103199,0,0,180,317,0,0,0,0,0,0,0,0,0,1,1,1,673,95,0,XX
1,1,50,0,20710.0,144,-2273519,0,-1453764,0,6103267,0,0,181,317,0,0,0,0,0,0,0,0,0,1,1,1,672,94,0,X 
1,1,50,0,20710.1,144,-2273488,0,-1453746,0,6103334,0,0,181,318,0,0,0,0,0,0,0,0,0,1,1,1,671,85,0,XX
1,1,50,0,20710.2,144,-2273456,0,-1453728,0,6103401,0,0,181,318,0,0,0,0,0,0,0,0,0,1,1,1,670,76,0,X 
1,1,50,0,20710.3,144,-2273424,0,-1453710,0,6103468,0,0,181,318,0,0,0,0,0,0,0,0,0,1,1,1,670,68,0,XX
1,1,50,0,20710.4,144,-2273392,0,-1453692,0,6103535,0,0,181,319,0,0,0,0,0,0,0,0,0,1,1,1,669,60,0,X 
1,1,50,0,20710.5,144,-2273360,0,-1453673,0,6103602,0,0,181,319,0,0,0,0,0,0,0,0,0,1,1,1,668,52,0,XX
1,1,50,0,20710.6,144,-2273328,0,-1453655,0,6103669,0,0,182,319,0,0,0,0,0,0,0,0,0,1,1,1,667,107,0,X 
1,1,50,0,20710.7,144,-2273296,0,-1453637,0,6103736,0,0,182,320,0,0,0,0,0,0,0,0,0,1,1,1,666,99,0,XX
1,1,50,0,20710.8,144,-2273264,0,-1453619,0,6103802,0,0,182,320,0,0,0,0,0,0,0,0,0,1,1,1,666,90,0,X 
1,1,50,0,20710.9,144,-2273232,0,-1453600,0,6103869,0,0,182,320,0,0,0,0,0,0,0,0,0,1,1,1,665,82,0,XX
1,1,50,0,20711.0,144,-2273200,0,-1453582,0,6103935,0,0,182,320,0,0,0,0,0,0,0,0,0,1,1,1,664,78,0,X 
1,1,50,0,20711.1,144,-2273168,0,-1453564,0,6104002,0,0,183,321,0,0,0,0,0,0,0,0,0,1,1,1,663,71,0,XX
1,1,50,0,20711.2,144,-2273136,0,-1453545,0,6104068,0,0,183,321,0,0,0,0,0,0,0,0,0,1,1,1,662,62,0,X 
1,1,50,0,20711.3,144,-2273104,0,-1453527,0,6104134,0,0,183,321,0,0,0,0,0,0,0,0,0,1,1,1,662,116,0,XX
1,1,50,0,20711.4,144,-2273071,0,-1453509,0,6104200,0,0,183,322,0,0,0,0,0,0,0,0,0,1,1,1,661,108,0,X 
1,1,50,0,20711.5,144,-2273039,0,-1453490,0,6104267,0,0,183,322,0,0,0,0,0,0,0,0,0,1,1,1,660,100,0,XX
1,1,50,0,20711.6,144,-2273007,0,-1453472,0,6104333,0,0,184,322,0,0,0,0,0,0,0,0,0,1,1,1,659,91,0,X 
1,1,50,0,20711.7,144,-2272975,0,-1453454,0,6104398,0,0,184,323,0,0,0,0,0,0,0,0,0,1,1,1,658,81,0,XX
1,1,50,0,20711.8,144,-2272942,0,-1453435,0,6104464,0,0,184,323,0,0,0,0,0,0,0,0,0,1,1,1,657,73,0,X 
1,1,50,0,20711.9,144,-2272910,0,-1453417,0,6104530,0,0,184,323,0,0,0,0,0,0,0,0,0,1,1,1,657,127,0,XX
1,1,50,0,20712.0,144,-2272878,0,-1453398,0,6104596,0,0,184,324,0,0,0,0,0,0,0,0,0,1,1,1,656,125,0,X 
1,1,50,0,20712.1,144,-2272845,0,-1453380,0,6104661,0,0,184,324,0,0,0,0,0,0,0,0,0,1,1,1,655,115,0,XX
1,1,50,0,20712.2,144,-2272813,0,-1453361,0,6104727,0,0,185,324,0,0,0,0,0,0,0,0,0,1,1,1,654,107,0,X 
1,1,50,0,20712.3,144,-2272780,0,-1453343,0,6104792,0,0,185,324,0,0,0,0,0,0,0,0,0,1,1,1,653,97,0,XX
1,1,50,0,20712.4,144,-2272748,0,-1453324,0,6104858,0,0,185,325,0,0,0,0,0,0,0,0,0,1,1,1,652,89,0,X 
1,1,50,0,20712.5,144,-2272715,0,-1453306,0,6104923,0,0,185,325,0,0,0,0,0,0,0,0,0,1,1,1,652,15,0,XX
1,1,50,0,20712.6,144,-2272683,0,-1453287,0,6104988,0,0,185,325,0,0,0,0,0,0,0,0,0,1,1,1,651,5,0,X 
1,1,50,0,20712.7,144,-2272650,0,-1453268,0,6105053,0,0,186,326,0,0,0,0,0,0,0,0,0,1,1,1,650,126,0,XX
1,1,50,0,20712.8,144,-2272617,0,-1453250,0,6105118,0,0,186,326,0,0,0,0,0,0,0,0,0,1,1,1,649,116,0,X 
1,1,50,0,20712.9,144,-2272585,0,-1453231,0,6105183,0,0,186,326,0,0,0,0,0,0,0,0,0,1,1,1,648,106,0,XX
1,1,50,0,20713.0,144,-2272552,0,-1453212,0,6105248,0,0,186,327,0,0,0,0,0,0,0,0,0,1,1,1,648,42,0,X 
1,1,50,0,20713.1,144,-2272519,0,-1453194,0,6105313,0,0,186,327,0,0,0,0,0,0,0,0,0,1,1,1,647,32,0,XX
1,1,50,0,20713.2,144,-2272487,0,-1453175,0,6105377,0,0,187,327,0,0,0,0,0,0,0,0,0,1,1,1,646,85,0,X 
1,1,50,0,20713.3,144,-2272454,0,-1453156,0,6105442,0,0,187,327,0,0,0,0,0,0,0,0,0,1,1,1,645,76,0,XX
1,1,50,0,20713.4,144,-2272421,0,-1453138,0,6105507,0,0,187,328,0,0,0,0,0,0,0,0,0,1,1,1,644,67,0,X 
1,1,50,0,20713.5,144,-2272388,0,-1453119,0,6105571,0,0,187,328,0,0,0,0,0,0,0,0,0,1,1,1,644,58,0,XX
1,1,50,0,20713.6,144,-2272355,0,-1453100,0,6105635,0,0,187,328,0,0,0,0,0,0,0,0,0,1,1,1,643,48,0,X 
1,1,50,0,20713.7,144,-2272322,0,-1453081,0,6105700,0,0,188,329,0,0,0,0,0,0,0,0,0,1,1,1,642,41,0,XX
1,1,50,0,20713.8,144,-2272289,0,-1453063,0,6105764,0,0,188,329,0,0,0,0,0,0,0,0,0,1,1,1,641,93,0,X 
1,1,50,0,20713.9,144,-2272256,0,-1453044,0,6105828,0,0,188,329,0,0,0,0,0,0,0,0,0,1,1,1,640,83,0,XX
1,1,50,0,20714.0,144,-2272223,0,-1453025,0,6105892,0,0,188,330,0,0,0,0,0,0,0,0,0,1,1,1,639,80,0,X 
1,1,50,0,20714.1,144,-2272190,0,-1453006,0,6105956,0,0,188,330,0,0,0,0,0,0,0,0,0,1,1,1,639,71,0,XX
1,1,50,0,20714.2,144,-2272157,0,-1452987,0,6106020,0,0,188,330,0,0,0,0,0,0,0,0,0,1,1,1,638,61,0,X 
1,1,50,0,20714.3,144,-2272124,0,-1452968,0,6106084,0,0,189,331,0,0,0,0,0,0,0,0,0,1,1,1,637,53,0,XX
1,1,50,0,20714.4,144,-2272091,0,-1452949,0,6106147,0,0,189,331,0,0,0,0,0,0,0,0,0,1,1,1,636,105,0,X 
1,1,50,0,20714.5,144,-2272058,0,-1452930,0,6106211,0,0,189,331,0,0,0,0,0,0,0,0,0,1,1,1,635,95,0,XX
1,1,50,0,20714.6,144,-2272025,0,-1452911,0,6106275,0,0,189,331,0,0,0,0,0,0,0,0,0,1,1,1,635,86,0,X 
1,1,50,0,20714.7,144,-2271992,0,-1452892,0,6106338,0,0,189,332,0,0,0,0,0,0,0,0,0,1,1,1,634,76,0,XX
1,1,50,0,20714.8,144,-2271958,0,-1452873,0,6106401,0,0,190,332,0,0,0,0,0,0,0,0,0,1,1,1,633,67,0,X 
1,1,50,0,20714.9,144,-2271925,0,-1452854,0,6106465,0,0,190,332,0,0,0,0,0,0,0,0,0,1,1,1,632,120,0,XX
1,1,50,0,20715.0,144,-2271892,0,-1452835,0,6106528,0,0,190,333,0,0,0,0,0,0,0,0,0,1,1,1,631,116,0,X 
1,1,50,0,20715.1,144,-2271858,0,-1452816,0,6106591,0,0,190,333,0,0,0,0,0,0,0,0,0,1,1,1,630,106,0,XX
1,1,50,0,20715.2,144,-2271825,0,-1452797,0,6106654,0,0,190,333,0,0,0,0,0,0,0,0,0,1,1,1,630,96,0,X 
1,1,50,0,20715.3,144,-2271792,0,-1452778,0,6106717,0,0,191,334,0,0,0,0,0,0,0,0,0,1,1,1,629,87,0,XX
1,1,50,0,20715.4,144,-2271758,0,-1452759,0,6106780,0,0,191,334,0,0,0,0,0,0,0,0,0,1,1,1,628,77,0,X 
1,1,50,0,20715.5,144,-2271725,0,-1452740,0,6106843,0,0,191,334,0,0,0,0,0,0,0,0,0,1,1,1,627,1,0,XX
1,1,50,0,20715.6,144,-2271691,0,-1452721,0,6106906,0,0,191,334,0,0,0,0,0,0,0,0,0,1,1,1,626,119,0,X 
1,1,50,0,20715.7,144,-2271658,0,-1452702,0,6106968,0,0,191,335,0,0,0,0,0,0,0,0,0,1,1,1,626,109,0,XX
1,1,50,0,20715.8,144,-2271624,0,-1452682,0,6107031,0,0,191,335,0,0,0,0,0,0,0,0,0,1,1,1,625,100,0,X 
1,1,50,0,20715.9,144,-2271591,0,-1452663,0,6107093,0,0,192,335,0,0,0,0,0,0,0,0,0,1,1,1,624,89,0,XX
1,1,50,0,20716.0,144,-2271557,0,-1452644,0,6107156,0,0,192,336,0,0,0,0,0,0,0,0,0,1,1,1,623,86,0,X 
1,1,50,0,20716.1,144,-2271524,0,-1452625,0,6107218,0,0,192,336,0,0,0,0,0,0,0,0,0,1,1,1,622,9,0,XX
1,1,50,0,20716.2,144,-2271490,0,-1452605,0,6107280,0,0,192,336,0,0,0,0,0,0,0,0,0,1,1,1,622,0,0,X 
1,1,50,0,20716.3,144,-2271456,0,-1452586,0,6107342,0,0,192,337,0,0,0,0,0,0,0,0,0,1,1,1,621,118,0,XX
1,1,50,0,20716.4,144,-2271422,0,-1452567,0,6107404,0,0,193,337,0,0,0,0,0,0,0,0,0,1,1,1,620,108,0,X 
1,1,50,0,20716.5,144,-2271389,0,-1452548,0,6107466,0,0,193,337,0,0,0,0,0,0,0,0,0,1,1,1,619,33,0,XX
1,1,50,0,20716.6,144,-2271355,0,-1452528,0,6107528,0,0,193,337,0,0,0,0,0,0,0,0,0,1,1,1,618,86,0,X 
1,1,50,0,20716.7,144,-2271321,0,-1452509,0,6107590,0,0,193,338,0,0,0,0,0,0,0,0,0,1,1,1,617,76,0,XX
1,1,50,0,20716.8,144,-2271287,0,-1452489,0,6107652,0,0,193,338,0,0,0,0,0,0,0,0,0,1,1,1,617,67,0,X 
1,1,50,0,20716.9,144,-2271253,0,-1452470,0,6107714,0,0,194,338,0,0,0,0,0,0,0,0,0,1,1,1,616,57,0,XX
1,1,50,0,20717.0,144,-2271219,0,-1452451,0,6107775,0,0,194,339,0,0,0,0,0,0,0,0,0,1,1,1,615,52,0,X 
1,1,50,0,20717.1,144,-2271185,0,-1452431,0,6107837,0,0,194,339,0,0,0,0,0,0,0,0,0,1,1,1,614,42,0,XX
1,1,50,0,20717.2,144,-2271152,0,-1452412,0,6107898,0,0,194,339,0,0,0,0,0,0,0,0,0,1,1,1,613,92,0,X 
1,1,50,0,20717.3,144,-2271117,0,-1452392,0,6107959,0,0,194,340,0,0,0,0,0,0,0,0,0,1,1,1,612,83,0,XX
1,1,50,0,20717.4,144,-2271083,0,-1452373,0,6108021,0,0,194,340,0,0,0,0,0,0,0,0,0,1,1,1,612,73,0,X 
1,1,50,0,20717.5,144,-2271049,0,-1452353,0,6108082,0,0,195,340,0,0,0,0,0,0,0,0,0,1,1,1,611,63,0,XX
1,1,50,0,20717.6,144,-2271015,0,-1452334,0,6108143,0,0,195,341,0,0,0,0,0,0,0,0,0,1,1,1,610,52,0,X 
1,1,50,0,20717.7,144,-2270981,0,-1452314,0,6108204,0,0,195,341,0,0,0,0,0,0,0,0,0,1,1,1,609,104,0,XX
1,1,50,0,20717.8,144,-2270947,0,-1452295,0,6108265,0,0,195,341,0,0,0,0,0,0,0,0,0,1,1,1,608,92,0,X 
1,1,50,0,20717.9,144,-2270913,0,-1452275,0,6108326,0,0,195,341,0,0,0,0,0,0,0,0,0,1,1,1,608,82,0,XX
1,1,50,0,20718.0,144,-2270879,0,-1452256,0,6108387,0,0,196,342,0,0,0,0,0,0,0,0,0,1,1,1,607,78,0,X 
1,1,50,0,20718.1,144,-2270844,0,-1452236,0,6108447,0,0,196,342,0,0,0,0,0,0,0,0,0,1,1,1,606,67,0,XX
1,1,50,0,20718.2,144,-2270810,0,-1452216,0,6108508,0,0,196,342,0,0,0,0,0,0,0,0,0,1,1,1,605,119,0,X 
1,1,50,0,20718.3,144,-2270776,0,-1452197,0,6108568,0,0,196,343,0,0,0,0,0,0,0,0,0,1,1,1,604,107,0,XX
1,1,50,0,20718.4,144,-2270741,0,-1452177,0,6108629,0,0,196,343,0,0,0,0,0,0,0,0,0,1,1,1,604,98,0,X 
1,1,50,0,20718.5,144,-2270707,0,-1452157,0,6108689,0,0,197,343,0,0,0,0,0,0,0,0,0,1,1,1,603,87,0,XX
1,1,50,0,20718.6,144,-2270673,0,-1452138,0,6108750,0,0,197,344,0,0,0,0,0,0,0,0,0,1,1,1,602,76,0,X 
1,1,50,0,20718.7,144,-2270638,0,-1452118,0,6108810,0,0,197,344,0,0,0,0,0,0,0,0,0,1,1,1,601,0,0,XX
1,1,50,0,20718.8,144,-2270604,0,-1452098,0,6108870,0,0,197,344,0,0,0,0,0,0,0,0,0,1,1,1,600,116,0,X 
1,1,50,0,20718.9,144,-2270569,0,-1452078,0,6108930,0,0,197,345,0,0,0,0,0,0,0,0,0,1,1,1,599,106,0,XX
1,1,50,0,20719.0,144,-2270535,0,-1452058,0,6108990,0,0,198,345,0,0,0,0,0,0,0,0,0,1,1,1,599,102,0,X 
1,1,50,0,20719.1,144,-2270500,0,-1452039,0,6109050,0,0,198,345,0,0,0,0,0,0,0,0,0,1,1,1,598,90,0,XX
1,1,50,0,20719.2,144,-2270466,0,-1452019,0,6109110,0,0,198,345,0,0,0,0,0,0,0,0,0,1,1,1,597,78,0,X 
1,1,50,0,20719.3,144,-2270431,0,-1451999,0,6109169,0,0,198,346,0,0,0,0,0,0,0,0,0,1,1,1,596,2,0,XX
1,1,50,0,20719.4,144,-2270396,0,-1451979,0,6109229,0,0,198,346,0,0,0,0,0,0,0,0,0,1,1,1,595,119,0,X 
1,1,50,0,20719.5,144,-2270362,0,-1451959,0,6109288,0,0,198,346,0,0,0,0,0,0,0,0,0,1,1,1,594,106,0,XX
1,1,50,0,20719.6,144,-2270327,0,-1451939,0,6109348,0,0,199,347,0,0,0,0,0,0,0,0,0,1,1,1,594,98,0,X 
1,1,50,0,20719.7,144,-2270292,0,-1451919,0,6109407,0,0,199,347,0,0,0,0,0,0,0,0,0,1,1,1,593,86,0,XX
1,1,50,0,20719.8,144,-2270258,0,-1451900,0,6109467,0,0,199,347,0,0,0,0,0,0,0,0,0,1,1,1,592,8,0,X 
1,1,50,0,20719.9,144,-2270223,0,-1451880,0,6109526,0,0,199,348,0,0,0,0,0,0,0,0,0,1,1,1,591,125,0,XX
1,1,50,0,20720.0,144,-2270188,0,-1451860,0,6109585,0,0,199,348,0,0,0,0,0,0,0,0,0,1,1,1,591,120,0,X 
1,1,50,0,20720.1,144,-2270153,0,-1451840,0,6109644,0,0,200,348,0,0,0,0,0,0,0,0,0,1,1,1,590,46,0,XX
1,1,50,0,20720.2,144,-2270118,0,-1451820,0,6109703,0,0,200,349,0,0,0,0,0,0,0,0,0,1,1,1,589,35,0,X 
1,1,50,0,20720.3,144,-2270083,0,-1451800,0,6109762,0,0,200,349,0,0,0,0,0,0,0,0,0,1,1,1,588,86,0,XX
1,1,50,0,20720.4,144,-2270048,0,-1451779,0,6109821,0,0,200,349,0,0,0,0,0,0,0,0,0,1,1,1,587,75,0,X 
1,1,50,0,20720.5,144,-2270013,0,-1451759,0,6109879,0,0,200,349,0,0,0,0,0,0,0,0,0,1,1,1,586,62,0,XX
1,1,50,0,20720.6,144,-2269978,0,-1451739,0,6109938,0,0,201,350,0,0,0,0,0,0,0,0,0,1,1,1,586,53,0,X 
1,1,50,0,20720.7,144,-2269943,0,-1451719,0,6109997,0,0,201,350,0,0,0,0,0,0,0,0,0,1,1,1,585,41,0,XX
1,1,50,0,20720.8,144,-2269908,0,-1451699,0,6110055,0,0,201,350,0,0,0,0,0,0,0,0,0,1,1,1,584,91,0,X 
1,1,50,0,20720.9,144,-2269873,0,-1451679,0,6110113,0,0,201,351,0,0,0,0,0,0,0,0,0,1,1,1,583,79,0,XX
1,1,50,0,20721.0,144,-2269838,0,-1451659,0,6110172,0,0,201,351,0,0,0,0,0,0,0,0,0,1,1,1,582,73,0,X 
1,1,50,0,20721.1,144,-2269803,0,-1451639,0,6110230,0,0,201,351,0,0,0,0,0,0,0,0,0,1,1,1,581,60,0,XX
1,1,50,0,20721.2,144,-2269768,0,-1451618,0,6110288,0,0,202,352,0,0,0,0,0,0,0,0,0,1,1,1,581,51,0,X 
1,1,50,0,20721.3,144,-2269733,0,-1451598,0,6110346,0,0,202,352,0,0,0,0,0,0,0,0,0,1,1,1,580,101,0,XX
1,1,50,0,20721.4,144,-2269697,0,-1451578,0,6110404,0,0,202,352,0,0,0,0,0,0,0,0,0,1,1,1,579,89,0,X 
1,1,50,0,20721.5,144,-2269662,0,-1451558,0,6110462,0,0,202,352,0,0,0,0,0,0,0,0,0,1,1,1,578,76,0,XX
1,1,50,0,20721.6,144,-2269627,0,-1451537,0,6110520,0,0,202,353,0,0,0,0,0,0,0,0,0,1,1,1,577,65,0,X 
1,1,50,0,20721.7,144,-2269591,0,-1451517,0,6110578,0,0,203,353,0,0,0,0,0,0,0,0,0,1,1,1,577,118,0,XX
1,1,50,0,20721.8,144,-2269556,0,-1451497,0,6110635,0,0,203,353,0,0,0,0,0,0,0,0,0,1,1,1,576,104,0,X 
1,1,50,0,20721.9,144,-2269521,0,-1451477,0,6110693,0,0,203,354,0,0,0,0,0,0,0,0,0,1,1,1,575,92,0,XX
1,1,50,0,20722.0,144,-2269485,0,-1451456,0,6110751,0,0,203,354,0,0,0,0,0,0,0,0,0,1,1,1,574,87,0,X 
1,1,50,0,20722.1,144,-2269450,0,-1451436,0,6110808,0,0,203,354,0,0,0,0,0,0,0,0,0,1,1,1,573,73,0,XX
1,1,50,0,20722.2,144,-2269414,0,-1451415,0,6110865,0,0,204,355,0,0,0,0,0,0,0,0,0,1,1,1,573,127,0,X 
1,1,50,0,20722.3,144,-2269379,0,-1451395,0,6110923,0,0,204,355,0,0,0,0,0,0,0,0,0,1,1,1,572,114,0,XX
1,1,50,0,20722.4,144,-2269343,0,-1451375,0,6110980,0,0,204,355,0,0,0,0,0,0,0,0,0,1,1,1,571,101,0,X 
1,1,50,0,20722.5,144,-2269308,0,-1451354,0,6111037,0,0,204,355,0,0,0,0,0,0,0,0,0,1,1,1,570,88,0,XX
1,1,50,0,20722.6,144,-2269272,0,-1451334,0,6111094,0,0,204,356,0,0,0,0,0,0,0,0,0,1,1,1,569,76,0,X 
1,1,50,0,20722.7,144,-2269236,0,-1451313,0,6111151,0,0,204,356,0,0,0,0,0,0,0,0,0,1,1,1,568,127,0,XX
1,1,50,0,20722.8,144,-2269201,0,-1451293,0,6111208,0,0,205,356,0,0,0,0,0,0,0,0,0,1,1,1,568,115,0,X 
1,1,50,0,20722.9,144,-2269165,0,-1451272,0,6111264,0,0,205,357,0,0,0,0,0,0,0,0,0,1,1,1,567,103,0,XX
1,1,50,0,20723.0,144,-2269129,0,-1451252,0,6111321,0,0,205,357,0,0,0,0,0,0,0,0,0,1,1,1,566,96,0,X 
1,1,50,0,20723.1,144,-2269093,0,-1451231,0,6111378,0,0,205,357,0,0,0,0,0,0,0,0,0,1,1,1,565,84,0,XX
1,1,50,0,20723.2,144,-2269058,0,-1451211,0,6111434,0,0,205,358,0,0,0,0,0,0,0,0,0,1,1,1,564,5,0,X 
1,1,50,0,20723.3,144,-2269022,0,-1451190,0,6111491,0,0,206,358,0,0,0,0,0,0,0,0,0,1,1,1,564,123,0,XX
1,1,50,0,20723.4,144,-2268986,0,-1451169,0,6111547,0,0,206,358,0,0,0,0,0,0,0,0,0,1,1,1,563,110,0,X 
1,1,50,0,20723.5,144,-2268950,0,-1451149,0,6111603,0,0,206,359,0,0,0,0,0,0,0,0,0,1,1,1,562,97,0,XX
1,1,50,0,20723.6,144,-2268914,0,-1451128,0,6111660,0,0,206,359,0,0,0,0,0,0,0,0,0,1,1,1,561,20,0,X 
1,1,50,0,20723.7,144,-2268878,0,-1451107,0,6111716,0,0,206,359,0,0,0,0,0,0,0,0,0,1,1,1,560,72,0,XX
1,1,50,0,20723.8,144,-2268842,0,-1451087,0,6111772,0,0,207,359,0,0,0,0,0,0,0,0,0,1,1,1,559,59,0,X 
1,1,50,0,20723.9,144,-2268806,0,-1451066,0,6111828,0,0,207,360,0,0,0,0,0,0,0,0,0,1,1,1,559,48,0,XX
1,1,50,0,20724.0,144,-2268770,0,-1451045,0,6111883,0,0,207,360,0,0,0,0,0,0,0,0,0,1,1,1,558,40,0,X 
1,1,50,0,20724.1,144,-2268734,0,-1451024,0,6111939,0,0,207,360,0,0,0,0,0,0,0,0,0,1,1,1,557,90,0,XX
1,1,50,0,20724.2,144,-2268698,0,-1451004,0,6111995,0,0,207,361,0,0,0,0,0,0,0,0,0,1,1,1,556,77,0,X 
1,1,50,0,20724.3,144,-2268662,0,-1450983,0,6112051,0,0,207,361,0,0,0,0,0,0,0,0,0,1,1,1,555,64,0,XX
1,1,50,0,20724.4,144,-2268626,0,-1450962,0,6112106,0,0,208,361,0,0,0,0,0,0,0,0,0,1,1,1,554,51,0,X 
1,1,50,0,20724.5,144,-2268590,0,-1450941,0,6112162,0,0,208,362,0,0,0,0,0,0,0,0,0,1,1,1,554,103,0,XX
1,1,50,0,20724.6,144,-2268553,0,-1450921,0,6112217,0,0,208,362,0,0,0,0,0,0,0,0,0,1,1,1,553,89,0,X 
1,1,50,0,20724.7,144,-2268517,0,-1450900,0,6112272,0,0,208,362,0,0,0,0,0,0,0,0,0,1,1,1,552,75,0,XX
1,1,50,0,20724.8,144,-2268481,0,-1450879,0,6112328,0,0,208,362,0,0,0,0,0,0,0,0,0,1,1,1,551,62,0,X 
1,1,50,0,20724.9,144,-2268444,0,-1450858,0,6112383,0,0,209,363,0,0,0,0,0,0,0,0,0,1,1,1,551,115,0,XX
1,1,50,0,20725.0,144,-2268408,0,-1450837,0,6112438,0,0,209,363,0,0,0,0,0,0,0,0,0,1,1,1,550,107,0,X 
1,1,50,0,20725.1,144,-2268372,0,-1450816,0,6112493,0,0,209,363,0,0,0,0,0,0,0,0,0,1,1,1,549,93,0,XX
1,1,50,0,20725.2,144,-2268335,0,-1450795,0,6112548,0,0,209,364,0,0,0,0,0,0,0,0,0,1,1,1,548,81,0,X 
1,1,50,0,20725.3,144,-2268299,0,-1450774,0,6112602,0,0,209,364,0,0,0,0,0,0,0,0,0,1,1,1,547,66,0,XX
1,1,50,0,20725.4,144,-2268262,0,-1450753,0,6112657,0,0,209,364,0,0,0,0,0,0,0,0,0,1,1,1,546,116,0,X 
1,1,50,0,20725.5,144,-2268226,0,-1450732,0,6112712,0,0,210,365,0,0,0,0,0,0,0,0,0,1,1,1,546,105,0,XX
1,1,50,0,20725.6,144,-2268189,0,-1450711,0,6112766,0,0,210,365,0,0,0,0,0,0,0,0,0,1,1,1,545,91,0,X 
1,1,50,0,20725.7,144,-2268153,0,-1450690,0,6112821,0,0,210,365,0,0,0,0,0,0,0,0,0,1,1,1,544,77,0,XX
1,1,50,0,20725.8,144,-2268116,0,-1450669,0,6112875,0,0,210,366,0,0,0,0,0,0,0,0,0,1,1,1,543,127,0,X 
1,1,50,0,20725.9,144,-2268080,0,-1450648,0,6112930,0,0,210,366,0,0,0,0,0,0,0,0,0,1,1,1,542,113,0,XX
1,1,50,0,20726.0,144,-2268043,0,-1450627,0,6112984,0,0,211,366,0,0,0,0,0,0,0,0,0,1,1,1,541,106,0,X 
1,1,50,0,20726.1,144,-2268006,0,-1450606,0,6113038,0,0,211,366,0,0,0,0,0,0,0,0,0,1,1,1,541,93,0,XX
1,1,50,0,20726.2,144,-2267970,0,-1450585,0,6113092,0,0,211,367,0,0,0,0,0,0,0,0,0,1,1,1,540,79,0,X 
